-- phpMyAdmin SQL Dump
-- version 5.2.1
-- https://www.phpmyadmin.net/
--
-- Host: 127.0.0.1
-- Generation Time: Jan 03, 2024 at 08:14 AM
-- Server version: 10.4.28-MariaDB
-- PHP Version: 8.2.4

SET SQL_MODE = "NO_AUTO_VALUE_ON_ZERO";
START TRANSACTION;
SET time_zone = "+00:00";


/*!40101 SET @OLD_CHARACTER_SET_CLIENT=@@CHARACTER_SET_CLIENT */;
/*!40101 SET @OLD_CHARACTER_SET_RESULTS=@@CHARACTER_SET_RESULTS */;
/*!40101 SET @OLD_COLLATION_CONNECTION=@@COLLATION_CONNECTION */;
/*!40101 SET NAMES utf8mb4 */;

--
-- Database: `si_elit`
--

-- --------------------------------------------------------

--
-- Table structure for table `attendances`
--

CREATE TABLE `attendances` (
  `user_id` int(10) UNSIGNED NOT NULL,
  `class_id` int(10) UNSIGNED NOT NULL,
  `attend_at` datetime DEFAULT NULL,
  `status` varchar(24) DEFAULT NULL,
  `lastEditBy` int(10) UNSIGNED DEFAULT NULL
) ENGINE=InnoDB DEFAULT CHARSET=utf8mb4 COLLATE=utf8mb4_general_ci;

--
-- Dumping data for table `attendances`
--

INSERT INTO `attendances` (`user_id`, `class_id`, `attend_at`, `status`, `lastEditBy`) VALUES
(109, 207, '2023-12-08 03:59:14', 'hadir', 183),
(109, 208, NULL, NULL, NULL),
(109, 209, NULL, NULL, NULL),
(109, 210, NULL, NULL, NULL),
(109, 211, NULL, NULL, NULL),
(109, 212, NULL, NULL, NULL),
(109, 213, NULL, NULL, NULL),
(109, 214, NULL, NULL, NULL),
(109, 215, NULL, NULL, NULL),
(113, 207, NULL, NULL, 20),
(113, 208, NULL, NULL, NULL),
(113, 209, NULL, NULL, NULL),
(113, 210, NULL, NULL, NULL),
(113, 211, NULL, NULL, NULL),
(113, 212, NULL, NULL, NULL),
(113, 213, NULL, NULL, NULL),
(113, 214, NULL, NULL, NULL),
(113, 215, NULL, NULL, NULL),
(114, 207, NULL, NULL, NULL),
(114, 208, NULL, NULL, NULL),
(114, 209, NULL, NULL, NULL),
(114, 210, NULL, NULL, NULL),
(114, 211, NULL, NULL, NULL),
(114, 212, NULL, NULL, NULL),
(114, 213, NULL, NULL, NULL),
(114, 214, NULL, NULL, NULL),
(114, 215, NULL, NULL, NULL),
(115, 207, NULL, NULL, NULL),
(115, 208, NULL, NULL, NULL),
(115, 209, NULL, NULL, NULL),
(115, 210, NULL, NULL, NULL),
(115, 211, NULL, NULL, NULL),
(115, 212, NULL, NULL, NULL),
(115, 213, NULL, NULL, NULL),
(115, 214, NULL, NULL, NULL),
(115, 215, NULL, NULL, NULL),
(116, 207, NULL, NULL, NULL),
(116, 208, NULL, NULL, NULL),
(116, 209, NULL, NULL, NULL),
(116, 210, NULL, NULL, NULL),
(116, 211, NULL, NULL, NULL),
(116, 212, NULL, NULL, NULL),
(116, 213, NULL, NULL, NULL),
(116, 214, NULL, NULL, NULL),
(116, 215, NULL, NULL, NULL),
(117, 207, NULL, NULL, NULL),
(117, 208, NULL, NULL, NULL),
(117, 209, NULL, NULL, NULL),
(117, 210, NULL, NULL, NULL),
(117, 211, NULL, NULL, NULL),
(117, 212, NULL, NULL, NULL),
(117, 213, NULL, NULL, NULL),
(117, 214, NULL, NULL, NULL),
(117, 215, NULL, NULL, NULL),
(119, 207, NULL, NULL, NULL),
(119, 208, NULL, NULL, NULL),
(119, 209, NULL, NULL, NULL),
(119, 210, NULL, NULL, NULL),
(119, 211, NULL, NULL, NULL),
(119, 212, NULL, NULL, NULL),
(119, 213, NULL, NULL, NULL),
(119, 214, NULL, NULL, NULL),
(119, 215, NULL, NULL, NULL),
(120, 207, NULL, NULL, NULL),
(120, 208, NULL, NULL, NULL),
(120, 209, NULL, NULL, NULL),
(120, 210, NULL, NULL, NULL),
(120, 211, NULL, NULL, NULL),
(120, 212, NULL, NULL, NULL),
(120, 213, NULL, NULL, NULL),
(120, 214, NULL, NULL, NULL),
(120, 215, NULL, NULL, NULL),
(121, 207, NULL, NULL, NULL),
(121, 208, NULL, NULL, NULL),
(121, 209, NULL, NULL, NULL),
(121, 210, NULL, NULL, NULL),
(121, 211, NULL, NULL, NULL),
(121, 212, NULL, NULL, NULL),
(121, 213, NULL, NULL, NULL),
(121, 214, NULL, NULL, NULL),
(121, 215, NULL, NULL, NULL),
(122, 207, NULL, NULL, NULL),
(122, 208, NULL, NULL, NULL),
(122, 209, NULL, NULL, NULL),
(122, 210, NULL, NULL, NULL),
(122, 211, NULL, NULL, NULL),
(122, 212, NULL, NULL, NULL),
(122, 213, NULL, NULL, NULL),
(122, 214, NULL, NULL, NULL),
(122, 215, NULL, NULL, NULL),
(123, 207, NULL, NULL, NULL),
(123, 208, NULL, NULL, NULL),
(123, 209, NULL, NULL, NULL),
(123, 210, NULL, NULL, NULL),
(123, 211, NULL, NULL, NULL),
(123, 212, NULL, NULL, NULL),
(123, 213, NULL, NULL, NULL),
(123, 214, NULL, NULL, NULL),
(123, 215, NULL, NULL, NULL),
(124, 207, NULL, NULL, NULL),
(124, 208, NULL, NULL, NULL),
(124, 209, NULL, NULL, NULL),
(124, 210, NULL, NULL, NULL),
(124, 211, NULL, NULL, NULL),
(124, 212, NULL, NULL, NULL),
(124, 213, NULL, NULL, NULL),
(124, 214, NULL, NULL, NULL),
(124, 215, NULL, NULL, NULL),
(125, 207, NULL, NULL, NULL),
(125, 208, NULL, NULL, NULL),
(125, 209, NULL, NULL, NULL),
(125, 210, NULL, NULL, NULL),
(125, 211, NULL, NULL, NULL),
(125, 212, NULL, NULL, NULL),
(125, 213, NULL, NULL, NULL),
(125, 214, NULL, NULL, NULL),
(125, 215, NULL, NULL, NULL),
(128, 207, NULL, NULL, NULL),
(128, 208, NULL, NULL, NULL),
(128, 209, NULL, NULL, NULL),
(128, 210, NULL, NULL, NULL),
(128, 211, NULL, NULL, NULL),
(128, 212, NULL, NULL, NULL),
(128, 213, NULL, NULL, NULL),
(128, 214, NULL, NULL, NULL),
(128, 215, NULL, NULL, NULL),
(129, 207, NULL, NULL, NULL),
(129, 208, NULL, NULL, NULL),
(129, 209, NULL, NULL, NULL),
(129, 210, NULL, NULL, NULL),
(129, 211, NULL, NULL, NULL),
(129, 212, NULL, NULL, NULL),
(129, 213, NULL, NULL, NULL),
(129, 214, NULL, NULL, NULL),
(129, 215, NULL, NULL, NULL),
(130, 207, NULL, NULL, NULL),
(130, 208, NULL, NULL, NULL),
(130, 209, NULL, NULL, NULL),
(130, 210, NULL, NULL, NULL),
(130, 211, NULL, NULL, NULL),
(130, 212, NULL, NULL, NULL),
(130, 213, NULL, NULL, NULL),
(130, 214, NULL, NULL, NULL),
(130, 215, NULL, NULL, NULL),
(131, 207, NULL, NULL, NULL),
(131, 208, NULL, NULL, NULL),
(131, 209, NULL, NULL, NULL),
(131, 210, NULL, NULL, NULL),
(131, 211, NULL, NULL, NULL),
(131, 212, NULL, NULL, NULL),
(131, 213, NULL, NULL, NULL),
(131, 214, NULL, NULL, NULL),
(131, 215, NULL, NULL, NULL),
(132, 207, NULL, NULL, NULL),
(132, 208, NULL, NULL, NULL),
(132, 209, NULL, NULL, NULL),
(132, 210, NULL, NULL, NULL),
(132, 211, NULL, NULL, NULL),
(132, 212, NULL, NULL, NULL),
(132, 213, NULL, NULL, NULL),
(132, 214, NULL, NULL, NULL),
(132, 215, NULL, NULL, NULL),
(133, 207, NULL, NULL, NULL),
(133, 208, NULL, NULL, NULL),
(133, 209, NULL, NULL, NULL),
(133, 210, NULL, NULL, NULL),
(133, 211, NULL, NULL, NULL),
(133, 212, NULL, NULL, NULL),
(133, 213, NULL, NULL, NULL),
(133, 214, NULL, NULL, NULL),
(133, 215, NULL, NULL, NULL),
(134, 207, NULL, NULL, NULL),
(134, 208, NULL, NULL, NULL),
(134, 209, NULL, NULL, NULL),
(134, 210, NULL, NULL, NULL),
(134, 211, NULL, NULL, NULL),
(134, 212, NULL, NULL, NULL),
(134, 213, NULL, NULL, NULL),
(134, 214, NULL, NULL, NULL),
(134, 215, NULL, NULL, NULL),
(135, 207, NULL, NULL, NULL),
(135, 208, NULL, NULL, NULL),
(135, 209, NULL, NULL, NULL),
(135, 210, NULL, NULL, NULL),
(135, 211, NULL, NULL, NULL),
(135, 212, NULL, NULL, NULL),
(135, 213, NULL, NULL, NULL),
(135, 214, NULL, NULL, NULL),
(135, 215, NULL, NULL, NULL),
(136, 207, NULL, NULL, NULL),
(136, 208, NULL, NULL, NULL),
(136, 209, NULL, NULL, NULL),
(136, 210, NULL, NULL, NULL),
(136, 211, NULL, NULL, NULL),
(136, 212, NULL, NULL, NULL),
(136, 213, NULL, NULL, NULL),
(136, 214, NULL, NULL, NULL),
(136, 215, NULL, NULL, NULL),
(137, 207, NULL, NULL, NULL),
(137, 208, NULL, NULL, NULL),
(137, 209, NULL, NULL, NULL),
(137, 210, NULL, NULL, NULL),
(137, 211, NULL, NULL, NULL),
(137, 212, NULL, NULL, NULL),
(137, 213, NULL, NULL, NULL),
(137, 214, NULL, NULL, NULL),
(137, 215, NULL, NULL, NULL),
(138, 207, NULL, NULL, NULL),
(138, 208, NULL, NULL, NULL),
(138, 209, NULL, NULL, NULL),
(138, 210, NULL, NULL, NULL),
(138, 211, NULL, NULL, NULL),
(138, 212, NULL, NULL, NULL),
(138, 213, NULL, NULL, NULL),
(138, 214, NULL, NULL, 6),
(138, 215, NULL, NULL, NULL),
(139, 207, NULL, NULL, NULL),
(139, 208, NULL, NULL, NULL),
(139, 209, NULL, NULL, NULL),
(139, 210, NULL, NULL, NULL),
(139, 211, NULL, NULL, NULL),
(139, 212, NULL, NULL, NULL),
(139, 213, NULL, NULL, NULL),
(139, 214, NULL, NULL, NULL),
(139, 215, NULL, NULL, NULL),
(140, 207, NULL, NULL, NULL),
(140, 208, NULL, NULL, NULL),
(140, 209, NULL, NULL, NULL),
(140, 210, NULL, NULL, NULL),
(140, 211, NULL, NULL, NULL),
(140, 212, NULL, NULL, NULL),
(140, 213, NULL, NULL, NULL),
(140, 214, NULL, NULL, NULL),
(140, 215, NULL, NULL, NULL),
(141, 207, NULL, NULL, NULL),
(141, 208, NULL, NULL, NULL),
(141, 209, NULL, NULL, NULL),
(141, 210, NULL, NULL, NULL),
(141, 211, NULL, NULL, NULL),
(141, 212, NULL, NULL, NULL),
(141, 213, NULL, NULL, NULL),
(141, 214, NULL, NULL, NULL),
(141, 215, NULL, NULL, NULL),
(142, 207, '2023-12-08 11:15:26', 'terlambat', 142),
(142, 208, '2023-12-08 08:52:20', 'hadir', 142),
(142, 209, '2023-12-08 09:46:56', 'izin', 20),
(142, 210, '2023-12-08 09:52:46', 'izin', 20),
(142, 211, '2023-12-08 09:32:27', 'hadir', 142),
(142, 212, '2023-12-08 09:25:29', 'hadir', 142),
(142, 213, '2023-12-08 09:50:00', 'hadir', 142),
(142, 214, '2023-12-08 11:14:30', 'izin', 6),
(142, 215, '2023-12-08 10:37:33', 'hadir', 142),
(143, 207, NULL, NULL, NULL),
(143, 208, NULL, NULL, NULL),
(143, 209, NULL, NULL, NULL),
(143, 210, NULL, NULL, NULL),
(143, 211, NULL, NULL, NULL),
(143, 212, NULL, NULL, NULL),
(143, 213, NULL, NULL, NULL),
(143, 214, NULL, NULL, NULL),
(143, 215, NULL, NULL, NULL),
(144, 207, NULL, NULL, NULL),
(144, 208, NULL, NULL, NULL),
(144, 209, NULL, NULL, NULL),
(144, 210, NULL, NULL, NULL),
(144, 211, NULL, NULL, NULL),
(144, 212, NULL, NULL, NULL),
(144, 213, NULL, NULL, NULL),
(144, 214, NULL, NULL, NULL),
(144, 215, NULL, NULL, NULL),
(145, 207, NULL, NULL, NULL),
(145, 208, NULL, NULL, NULL),
(145, 209, NULL, NULL, NULL),
(145, 210, NULL, NULL, NULL),
(145, 211, NULL, NULL, NULL),
(145, 212, NULL, NULL, NULL),
(145, 213, NULL, NULL, NULL),
(145, 214, NULL, NULL, NULL),
(145, 215, NULL, NULL, NULL),
(146, 207, NULL, NULL, NULL),
(146, 208, NULL, NULL, NULL),
(146, 209, NULL, NULL, NULL),
(146, 210, NULL, NULL, NULL),
(146, 211, NULL, NULL, NULL),
(146, 212, NULL, NULL, NULL),
(146, 213, NULL, NULL, NULL),
(146, 214, NULL, NULL, NULL),
(146, 215, NULL, NULL, NULL),
(147, 207, NULL, NULL, NULL),
(147, 208, NULL, NULL, NULL),
(147, 209, NULL, NULL, NULL),
(147, 210, NULL, NULL, NULL),
(147, 211, NULL, NULL, NULL),
(147, 212, NULL, NULL, NULL),
(147, 213, NULL, NULL, NULL),
(147, 214, NULL, NULL, NULL),
(147, 215, NULL, NULL, NULL),
(148, 207, NULL, NULL, NULL),
(148, 208, NULL, NULL, NULL),
(148, 209, NULL, NULL, NULL),
(148, 210, NULL, NULL, NULL),
(148, 211, NULL, NULL, NULL),
(148, 212, NULL, NULL, NULL),
(148, 213, NULL, NULL, NULL),
(148, 214, NULL, NULL, NULL),
(148, 215, NULL, NULL, NULL),
(149, 207, NULL, NULL, NULL),
(149, 208, NULL, NULL, NULL),
(149, 209, NULL, NULL, NULL),
(149, 210, NULL, NULL, NULL),
(149, 211, NULL, NULL, NULL),
(149, 212, NULL, NULL, NULL),
(149, 213, NULL, NULL, NULL),
(149, 214, NULL, NULL, NULL),
(149, 215, NULL, NULL, NULL),
(150, 207, NULL, NULL, NULL),
(150, 208, NULL, NULL, NULL),
(150, 209, NULL, NULL, NULL),
(150, 210, NULL, NULL, NULL),
(150, 211, NULL, NULL, NULL),
(150, 212, NULL, NULL, NULL),
(150, 213, NULL, NULL, NULL),
(150, 214, NULL, NULL, NULL),
(150, 215, NULL, NULL, NULL),
(151, 207, '2023-12-08 10:44:21', 'hadir', 151),
(151, 208, NULL, NULL, NULL),
(151, 209, NULL, NULL, NULL),
(151, 210, NULL, NULL, NULL),
(151, 211, '2023-12-08 09:36:11', 'hadir', 151),
(151, 212, '2023-12-08 09:28:49', 'hadir', 151),
(151, 213, NULL, NULL, NULL),
(151, 214, '2023-12-08 10:17:22', 'hadir', 151),
(151, 215, '2023-12-08 10:39:38', 'hadir', 151),
(152, 207, NULL, NULL, NULL),
(152, 208, NULL, NULL, NULL),
(152, 209, NULL, NULL, NULL),
(152, 210, NULL, NULL, NULL),
(152, 211, NULL, NULL, NULL),
(152, 212, NULL, NULL, NULL),
(152, 213, NULL, NULL, NULL),
(152, 214, NULL, NULL, NULL),
(152, 215, NULL, NULL, NULL),
(153, 207, NULL, NULL, NULL),
(153, 208, NULL, NULL, NULL),
(153, 209, NULL, NULL, NULL),
(153, 210, NULL, NULL, NULL),
(153, 211, NULL, NULL, NULL),
(153, 212, NULL, NULL, NULL),
(153, 213, NULL, NULL, NULL),
(153, 214, NULL, NULL, NULL),
(153, 215, NULL, NULL, NULL),
(154, 207, NULL, NULL, NULL),
(154, 208, NULL, NULL, NULL),
(154, 209, NULL, NULL, NULL),
(154, 210, NULL, NULL, NULL),
(154, 211, NULL, NULL, NULL),
(154, 212, NULL, NULL, NULL),
(154, 213, NULL, NULL, NULL),
(154, 214, NULL, NULL, NULL),
(154, 215, NULL, NULL, NULL),
(155, 207, NULL, NULL, NULL),
(155, 208, NULL, NULL, NULL),
(155, 209, NULL, NULL, NULL),
(155, 210, NULL, NULL, NULL),
(155, 211, NULL, NULL, NULL),
(155, 212, NULL, NULL, NULL),
(155, 213, NULL, NULL, NULL),
(155, 214, NULL, NULL, NULL),
(155, 215, NULL, NULL, NULL),
(156, 207, NULL, NULL, NULL),
(156, 208, NULL, NULL, NULL),
(156, 209, NULL, NULL, NULL),
(156, 210, NULL, NULL, NULL),
(156, 211, NULL, NULL, NULL),
(156, 212, NULL, NULL, NULL),
(156, 213, NULL, NULL, NULL),
(156, 214, NULL, NULL, NULL),
(156, 215, NULL, NULL, NULL),
(157, 207, NULL, NULL, NULL),
(157, 208, NULL, NULL, NULL),
(157, 209, NULL, NULL, NULL),
(157, 210, NULL, NULL, NULL),
(157, 211, NULL, NULL, NULL),
(157, 212, NULL, NULL, NULL),
(157, 213, NULL, NULL, NULL),
(157, 214, NULL, NULL, NULL),
(157, 215, NULL, NULL, NULL),
(158, 207, NULL, NULL, NULL),
(158, 208, NULL, NULL, NULL),
(158, 209, NULL, NULL, NULL),
(158, 210, NULL, NULL, NULL),
(158, 211, NULL, NULL, NULL),
(158, 212, NULL, NULL, NULL),
(158, 213, NULL, NULL, NULL),
(158, 214, NULL, NULL, NULL),
(158, 215, NULL, NULL, NULL),
(159, 207, NULL, NULL, NULL),
(159, 208, NULL, NULL, NULL),
(159, 209, NULL, NULL, NULL),
(159, 210, NULL, NULL, NULL),
(159, 211, NULL, NULL, NULL),
(159, 212, NULL, NULL, NULL),
(159, 213, NULL, NULL, NULL),
(159, 214, NULL, NULL, NULL),
(159, 215, NULL, NULL, NULL),
(160, 207, NULL, NULL, NULL),
(160, 208, NULL, NULL, NULL),
(160, 209, NULL, NULL, NULL),
(160, 210, NULL, NULL, NULL),
(160, 211, NULL, NULL, NULL),
(160, 212, NULL, NULL, NULL),
(160, 213, NULL, NULL, NULL),
(160, 214, NULL, NULL, NULL),
(160, 215, NULL, NULL, NULL),
(162, 207, NULL, NULL, NULL),
(162, 208, NULL, NULL, NULL),
(162, 209, NULL, NULL, NULL),
(162, 210, NULL, NULL, NULL),
(162, 211, NULL, NULL, NULL),
(162, 212, NULL, NULL, NULL),
(162, 213, NULL, NULL, NULL),
(162, 214, NULL, NULL, NULL),
(162, 215, NULL, NULL, NULL),
(163, 207, NULL, NULL, NULL),
(163, 208, NULL, NULL, NULL),
(163, 209, NULL, NULL, NULL),
(163, 210, NULL, NULL, NULL),
(163, 211, NULL, NULL, NULL),
(163, 212, NULL, NULL, NULL),
(163, 213, NULL, NULL, NULL),
(163, 214, NULL, NULL, NULL),
(163, 215, NULL, NULL, NULL),
(164, 207, '2023-12-08 10:44:10', 'hadir', 164),
(164, 208, '2023-12-08 08:46:55', 'hadir', 164),
(164, 209, '2023-12-08 09:07:14', 'hadir', 164),
(164, 210, '2023-12-08 09:11:30', 'hadir', 164),
(164, 211, '2023-12-08 09:33:23', 'hadir', 164),
(164, 212, '2023-12-08 09:25:48', 'hadir', 164),
(164, 213, '2023-12-08 09:49:53', 'hadir', 164),
(164, 214, '2023-12-08 10:13:49', 'hadir', 164),
(164, 215, '2023-12-08 10:35:41', 'hadir', 164),
(165, 207, NULL, NULL, NULL),
(165, 208, NULL, NULL, NULL),
(165, 209, NULL, NULL, NULL),
(165, 210, NULL, NULL, NULL),
(165, 211, NULL, NULL, NULL),
(165, 212, NULL, NULL, NULL),
(165, 213, NULL, NULL, NULL),
(165, 214, NULL, NULL, NULL),
(165, 215, NULL, NULL, NULL),
(166, 207, NULL, NULL, NULL),
(166, 208, NULL, NULL, NULL),
(166, 209, NULL, NULL, NULL),
(166, 210, NULL, NULL, NULL),
(166, 211, NULL, NULL, NULL),
(166, 212, NULL, NULL, NULL),
(166, 213, NULL, NULL, NULL),
(166, 214, NULL, NULL, NULL),
(166, 215, NULL, NULL, NULL),
(167, 207, NULL, NULL, NULL),
(167, 208, NULL, NULL, NULL),
(167, 209, NULL, NULL, NULL),
(167, 210, NULL, NULL, NULL),
(167, 211, NULL, NULL, NULL),
(167, 212, NULL, NULL, NULL),
(167, 213, NULL, NULL, NULL),
(167, 214, NULL, NULL, NULL),
(167, 215, NULL, NULL, NULL),
(168, 207, NULL, NULL, NULL),
(168, 208, NULL, NULL, NULL),
(168, 209, NULL, NULL, NULL),
(168, 210, NULL, NULL, NULL),
(168, 211, NULL, NULL, NULL),
(168, 212, NULL, NULL, NULL),
(168, 213, NULL, NULL, NULL),
(168, 214, NULL, NULL, NULL),
(168, 215, NULL, NULL, NULL),
(169, 207, NULL, NULL, NULL),
(169, 208, NULL, NULL, NULL),
(169, 209, NULL, NULL, NULL),
(169, 210, NULL, NULL, NULL),
(169, 211, NULL, NULL, NULL),
(169, 212, NULL, NULL, NULL),
(169, 213, NULL, NULL, NULL),
(169, 214, NULL, NULL, NULL),
(169, 215, NULL, NULL, NULL),
(170, 207, NULL, NULL, NULL),
(170, 208, NULL, NULL, NULL),
(170, 209, NULL, NULL, NULL),
(170, 210, NULL, NULL, NULL),
(170, 211, NULL, NULL, NULL),
(170, 212, NULL, NULL, NULL),
(170, 213, NULL, NULL, NULL),
(170, 214, NULL, NULL, NULL),
(170, 215, NULL, NULL, NULL),
(171, 207, NULL, NULL, NULL),
(171, 208, NULL, NULL, NULL),
(171, 209, NULL, NULL, NULL),
(171, 210, NULL, NULL, NULL),
(171, 211, NULL, NULL, NULL),
(171, 212, NULL, NULL, NULL),
(171, 213, NULL, NULL, NULL),
(171, 214, NULL, NULL, NULL),
(171, 215, NULL, NULL, NULL),
(172, 207, NULL, NULL, NULL),
(172, 208, NULL, NULL, NULL),
(172, 209, NULL, NULL, NULL),
(172, 210, NULL, NULL, NULL),
(172, 211, NULL, NULL, NULL),
(172, 212, NULL, NULL, NULL),
(172, 213, NULL, NULL, NULL),
(172, 214, NULL, NULL, NULL),
(172, 215, NULL, NULL, NULL),
(173, 207, NULL, NULL, NULL),
(173, 208, NULL, NULL, NULL),
(173, 209, NULL, NULL, NULL),
(173, 210, NULL, NULL, NULL),
(173, 211, NULL, NULL, NULL),
(173, 212, NULL, NULL, NULL),
(173, 213, NULL, NULL, NULL),
(173, 214, NULL, NULL, NULL),
(173, 215, NULL, NULL, NULL),
(174, 207, NULL, NULL, NULL),
(174, 208, NULL, NULL, NULL),
(174, 209, NULL, NULL, NULL),
(174, 210, NULL, NULL, NULL),
(174, 211, NULL, NULL, NULL),
(174, 212, NULL, NULL, NULL),
(174, 213, NULL, NULL, NULL),
(174, 214, NULL, NULL, NULL),
(174, 215, NULL, NULL, NULL),
(175, 207, NULL, NULL, NULL),
(175, 208, NULL, NULL, NULL),
(175, 209, NULL, NULL, NULL),
(175, 210, NULL, NULL, NULL),
(175, 211, NULL, NULL, NULL),
(175, 212, NULL, NULL, NULL),
(175, 213, NULL, NULL, NULL),
(175, 214, NULL, NULL, NULL),
(175, 215, NULL, NULL, NULL),
(176, 207, NULL, NULL, NULL),
(176, 208, NULL, NULL, NULL),
(176, 209, NULL, NULL, NULL),
(176, 210, NULL, NULL, NULL),
(176, 211, NULL, NULL, NULL),
(176, 212, NULL, NULL, NULL),
(176, 213, NULL, NULL, NULL),
(176, 214, NULL, NULL, NULL),
(176, 215, NULL, NULL, NULL),
(177, 207, NULL, NULL, NULL),
(177, 208, NULL, NULL, NULL),
(177, 209, NULL, NULL, NULL),
(177, 210, NULL, NULL, NULL),
(177, 211, NULL, NULL, NULL),
(177, 212, NULL, NULL, NULL),
(177, 213, NULL, NULL, NULL),
(177, 214, NULL, NULL, NULL),
(177, 215, NULL, NULL, NULL),
(178, 207, NULL, NULL, NULL),
(178, 208, NULL, NULL, NULL),
(178, 209, NULL, NULL, NULL),
(178, 210, NULL, NULL, NULL),
(178, 211, NULL, NULL, NULL),
(178, 212, NULL, NULL, NULL),
(178, 213, NULL, NULL, NULL),
(178, 214, NULL, NULL, NULL),
(178, 215, NULL, NULL, NULL),
(179, 207, NULL, NULL, NULL),
(179, 208, NULL, NULL, NULL),
(179, 209, NULL, NULL, NULL),
(179, 210, NULL, NULL, NULL),
(179, 211, NULL, NULL, NULL),
(179, 212, NULL, NULL, NULL),
(179, 213, NULL, NULL, NULL),
(179, 214, NULL, NULL, NULL),
(179, 215, NULL, NULL, NULL),
(180, 207, NULL, NULL, NULL),
(180, 208, NULL, NULL, NULL),
(180, 209, NULL, NULL, NULL),
(180, 210, NULL, NULL, NULL),
(180, 211, NULL, NULL, NULL),
(180, 212, NULL, NULL, NULL),
(180, 213, NULL, NULL, NULL),
(180, 214, NULL, NULL, NULL),
(180, 215, NULL, NULL, NULL),
(181, 207, NULL, NULL, NULL),
(181, 208, NULL, NULL, NULL),
(181, 209, NULL, NULL, NULL),
(181, 210, NULL, NULL, NULL),
(181, 211, NULL, NULL, NULL),
(181, 212, NULL, NULL, NULL),
(181, 213, NULL, NULL, NULL),
(181, 214, NULL, NULL, NULL),
(181, 215, NULL, NULL, NULL),
(182, 207, NULL, NULL, NULL),
(182, 208, NULL, NULL, NULL),
(182, 209, NULL, NULL, NULL),
(182, 210, NULL, NULL, NULL),
(182, 211, NULL, NULL, NULL),
(182, 212, NULL, NULL, NULL),
(182, 213, NULL, NULL, NULL),
(182, 214, NULL, NULL, NULL),
(182, 215, NULL, NULL, NULL),
(183, 207, '2023-12-08 06:44:52', 'izin', 183),
(183, 208, NULL, NULL, NULL),
(183, 209, NULL, NULL, NULL),
(183, 210, NULL, NULL, NULL),
(183, 211, NULL, NULL, NULL),
(183, 212, NULL, NULL, NULL),
(183, 213, NULL, NULL, NULL),
(183, 214, NULL, NULL, NULL),
(183, 215, NULL, NULL, NULL),
(184, 207, NULL, NULL, NULL),
(184, 208, NULL, NULL, NULL),
(184, 209, NULL, NULL, NULL),
(184, 210, NULL, NULL, NULL),
(184, 211, NULL, NULL, NULL),
(184, 212, NULL, NULL, NULL),
(184, 213, NULL, NULL, NULL),
(184, 214, NULL, NULL, NULL),
(184, 215, NULL, NULL, NULL),
(185, 207, '2023-12-08 03:59:11', 'hadir', 183),
(185, 208, NULL, NULL, NULL),
(185, 209, NULL, NULL, NULL),
(185, 210, NULL, NULL, NULL),
(185, 211, NULL, NULL, NULL),
(185, 212, NULL, NULL, NULL),
(185, 213, NULL, NULL, NULL),
(185, 214, NULL, NULL, NULL),
(185, 215, NULL, NULL, NULL),
(186, 207, NULL, NULL, NULL),
(186, 208, NULL, NULL, NULL),
(186, 209, NULL, NULL, NULL),
(186, 210, NULL, NULL, NULL),
(186, 211, NULL, NULL, NULL),
(186, 212, NULL, NULL, NULL),
(186, 213, NULL, NULL, NULL),
(186, 214, NULL, NULL, NULL),
(186, 215, NULL, NULL, NULL),
(188, 207, NULL, NULL, NULL),
(188, 208, NULL, NULL, NULL),
(188, 209, NULL, NULL, NULL),
(188, 210, NULL, NULL, NULL),
(188, 211, NULL, NULL, NULL),
(188, 212, NULL, NULL, NULL),
(188, 213, NULL, NULL, NULL),
(188, 214, NULL, NULL, NULL),
(188, 215, NULL, NULL, NULL),
(189, 207, NULL, NULL, NULL),
(189, 208, NULL, NULL, NULL),
(189, 209, NULL, NULL, NULL),
(189, 210, NULL, NULL, NULL),
(189, 211, NULL, NULL, NULL),
(189, 212, NULL, NULL, NULL),
(189, 213, NULL, NULL, NULL),
(189, 214, NULL, NULL, NULL),
(189, 215, NULL, NULL, NULL),
(190, 207, NULL, NULL, NULL),
(190, 208, NULL, NULL, NULL),
(190, 209, NULL, NULL, NULL),
(190, 210, NULL, NULL, NULL),
(190, 211, NULL, NULL, NULL),
(190, 212, NULL, NULL, NULL),
(190, 213, NULL, NULL, NULL),
(190, 214, NULL, NULL, NULL),
(190, 215, NULL, NULL, NULL),
(191, 207, NULL, NULL, NULL),
(191, 208, NULL, NULL, NULL),
(191, 209, NULL, NULL, NULL),
(191, 210, NULL, NULL, NULL),
(191, 211, NULL, NULL, NULL),
(191, 212, NULL, NULL, NULL),
(191, 213, NULL, NULL, NULL),
(191, 214, NULL, NULL, NULL),
(191, 215, NULL, NULL, NULL),
(192, 207, NULL, NULL, NULL),
(192, 208, NULL, NULL, NULL),
(192, 209, NULL, NULL, NULL),
(192, 210, NULL, NULL, NULL),
(192, 211, NULL, NULL, NULL),
(192, 212, NULL, NULL, NULL),
(192, 213, NULL, NULL, NULL),
(192, 214, NULL, NULL, NULL),
(192, 215, NULL, NULL, NULL),
(193, 207, NULL, NULL, NULL),
(193, 208, NULL, NULL, NULL),
(193, 209, NULL, NULL, NULL),
(193, 210, NULL, NULL, NULL),
(193, 211, NULL, NULL, NULL),
(193, 212, NULL, NULL, NULL),
(193, 213, NULL, NULL, NULL),
(193, 214, NULL, NULL, NULL),
(193, 215, NULL, NULL, NULL),
(194, 207, NULL, NULL, NULL),
(194, 208, NULL, NULL, NULL),
(194, 209, NULL, NULL, NULL),
(194, 210, NULL, NULL, NULL),
(194, 211, NULL, NULL, NULL),
(194, 212, NULL, NULL, NULL),
(194, 213, NULL, NULL, NULL),
(194, 214, NULL, NULL, NULL),
(194, 215, NULL, NULL, NULL),
(195, 207, NULL, NULL, NULL),
(195, 208, NULL, NULL, NULL),
(195, 209, NULL, NULL, NULL),
(195, 210, NULL, NULL, NULL),
(195, 211, NULL, NULL, NULL),
(195, 212, NULL, NULL, NULL),
(195, 213, NULL, NULL, NULL),
(195, 214, NULL, NULL, NULL),
(195, 215, NULL, NULL, NULL),
(196, 207, NULL, NULL, NULL),
(196, 208, NULL, NULL, NULL),
(196, 209, NULL, NULL, NULL),
(196, 210, NULL, NULL, NULL),
(196, 211, NULL, NULL, NULL),
(196, 212, NULL, NULL, NULL),
(196, 213, NULL, NULL, NULL),
(196, 214, NULL, NULL, NULL),
(196, 215, NULL, NULL, NULL),
(197, 207, NULL, NULL, NULL),
(197, 208, NULL, NULL, NULL),
(197, 209, NULL, NULL, NULL),
(197, 210, NULL, NULL, NULL),
(197, 211, NULL, NULL, NULL),
(197, 212, NULL, NULL, NULL),
(197, 213, NULL, NULL, NULL),
(197, 214, NULL, NULL, NULL),
(197, 215, NULL, NULL, NULL),
(198, 207, NULL, NULL, NULL),
(198, 208, NULL, NULL, NULL),
(198, 209, NULL, NULL, NULL),
(198, 210, NULL, NULL, NULL),
(198, 211, NULL, NULL, NULL),
(198, 212, NULL, NULL, NULL),
(198, 213, NULL, NULL, NULL),
(198, 214, NULL, NULL, NULL),
(198, 215, NULL, NULL, NULL),
(199, 207, NULL, NULL, NULL),
(199, 208, NULL, NULL, NULL),
(199, 209, NULL, NULL, NULL),
(199, 210, NULL, NULL, NULL),
(199, 211, NULL, NULL, NULL),
(199, 212, NULL, NULL, NULL),
(199, 213, NULL, NULL, NULL),
(199, 214, NULL, NULL, NULL),
(199, 215, NULL, NULL, NULL),
(200, 207, NULL, NULL, NULL),
(200, 208, NULL, NULL, NULL),
(200, 209, NULL, NULL, NULL),
(200, 210, NULL, NULL, NULL),
(200, 211, NULL, NULL, NULL),
(200, 212, NULL, NULL, NULL),
(200, 213, NULL, NULL, NULL),
(200, 214, NULL, NULL, NULL),
(200, 215, NULL, NULL, NULL),
(201, 207, NULL, NULL, NULL),
(201, 208, NULL, NULL, NULL),
(201, 209, NULL, NULL, NULL),
(201, 210, NULL, NULL, NULL),
(201, 211, NULL, NULL, NULL),
(201, 212, NULL, NULL, NULL),
(201, 213, NULL, NULL, NULL),
(201, 214, NULL, NULL, NULL),
(201, 215, NULL, NULL, NULL),
(202, 207, NULL, NULL, NULL),
(202, 208, NULL, NULL, NULL),
(202, 209, NULL, NULL, NULL),
(202, 210, NULL, NULL, NULL),
(202, 211, NULL, NULL, NULL),
(202, 212, NULL, NULL, NULL),
(202, 213, NULL, NULL, NULL),
(202, 214, NULL, NULL, NULL),
(202, 215, NULL, NULL, NULL),
(203, 207, NULL, NULL, NULL),
(203, 208, NULL, NULL, NULL),
(203, 209, NULL, NULL, NULL),
(203, 210, NULL, NULL, NULL),
(203, 211, NULL, NULL, NULL),
(203, 212, NULL, NULL, NULL),
(203, 213, NULL, NULL, NULL),
(203, 214, NULL, NULL, NULL),
(203, 215, NULL, NULL, NULL),
(204, 207, NULL, NULL, NULL),
(204, 208, NULL, NULL, NULL),
(204, 209, NULL, NULL, NULL),
(204, 210, NULL, NULL, NULL),
(204, 211, NULL, NULL, NULL),
(204, 212, NULL, NULL, NULL),
(204, 213, NULL, NULL, NULL),
(204, 214, NULL, NULL, NULL),
(204, 215, NULL, NULL, NULL),
(205, 207, NULL, NULL, NULL),
(205, 208, NULL, NULL, NULL),
(205, 209, NULL, NULL, NULL),
(205, 210, NULL, NULL, NULL),
(205, 211, NULL, NULL, NULL),
(205, 212, NULL, NULL, NULL),
(205, 213, NULL, NULL, NULL),
(205, 214, NULL, NULL, NULL),
(205, 215, NULL, NULL, NULL),
(206, 207, NULL, NULL, NULL),
(206, 208, NULL, NULL, NULL),
(206, 209, NULL, NULL, NULL),
(206, 210, NULL, NULL, NULL),
(206, 211, NULL, NULL, NULL),
(206, 212, NULL, NULL, NULL),
(206, 213, NULL, NULL, NULL),
(206, 214, NULL, NULL, NULL),
(206, 215, NULL, NULL, NULL),
(207, 207, NULL, NULL, NULL),
(207, 208, NULL, NULL, NULL),
(207, 209, NULL, NULL, NULL),
(207, 210, NULL, NULL, NULL),
(207, 211, NULL, NULL, NULL),
(207, 212, NULL, NULL, NULL),
(207, 213, NULL, NULL, NULL),
(207, 214, NULL, NULL, NULL),
(207, 215, NULL, NULL, NULL),
(208, 207, NULL, NULL, NULL),
(208, 208, NULL, NULL, NULL),
(208, 209, NULL, NULL, NULL),
(208, 210, NULL, NULL, NULL),
(208, 211, NULL, NULL, NULL),
(208, 212, NULL, NULL, NULL),
(208, 213, NULL, NULL, NULL),
(208, 214, NULL, NULL, NULL),
(208, 215, NULL, NULL, NULL),
(209, 207, NULL, NULL, NULL),
(209, 208, NULL, NULL, NULL),
(209, 209, NULL, NULL, NULL),
(209, 210, NULL, NULL, NULL),
(209, 211, NULL, NULL, NULL),
(209, 212, NULL, NULL, NULL),
(209, 213, NULL, NULL, NULL),
(209, 214, NULL, NULL, NULL),
(209, 215, NULL, NULL, NULL),
(210, 207, NULL, NULL, NULL),
(210, 208, NULL, NULL, NULL),
(210, 209, NULL, NULL, NULL),
(210, 210, NULL, NULL, NULL),
(210, 211, NULL, NULL, NULL),
(210, 212, NULL, NULL, NULL),
(210, 213, NULL, NULL, NULL),
(210, 214, NULL, NULL, NULL),
(210, 215, NULL, NULL, NULL),
(211, 207, NULL, NULL, NULL),
(211, 208, NULL, NULL, NULL),
(211, 209, NULL, NULL, NULL),
(211, 210, NULL, NULL, NULL),
(211, 211, NULL, NULL, NULL),
(211, 212, NULL, NULL, NULL),
(211, 213, NULL, NULL, NULL),
(211, 214, NULL, NULL, NULL),
(211, 215, NULL, NULL, NULL),
(212, 207, NULL, NULL, NULL),
(212, 208, NULL, NULL, NULL),
(212, 209, NULL, NULL, NULL),
(212, 210, NULL, NULL, NULL),
(212, 211, NULL, NULL, NULL),
(212, 212, NULL, NULL, NULL),
(212, 213, NULL, NULL, NULL),
(212, 214, NULL, NULL, NULL),
(212, 215, NULL, NULL, NULL),
(213, 207, NULL, NULL, NULL),
(213, 208, NULL, NULL, NULL),
(213, 209, NULL, NULL, NULL),
(213, 210, NULL, NULL, NULL),
(213, 211, NULL, NULL, NULL),
(213, 212, NULL, NULL, NULL),
(213, 213, NULL, NULL, NULL),
(213, 214, NULL, NULL, NULL),
(213, 215, NULL, NULL, NULL),
(214, 207, NULL, NULL, NULL),
(214, 208, NULL, NULL, NULL),
(214, 209, NULL, NULL, NULL),
(214, 210, NULL, NULL, NULL),
(214, 211, NULL, NULL, NULL),
(214, 212, NULL, NULL, NULL),
(214, 213, NULL, NULL, NULL),
(214, 214, NULL, NULL, NULL),
(214, 215, NULL, NULL, NULL),
(215, 207, NULL, NULL, NULL),
(215, 208, NULL, NULL, NULL),
(215, 209, NULL, NULL, NULL),
(215, 210, NULL, NULL, NULL),
(215, 211, NULL, NULL, NULL),
(215, 212, NULL, NULL, NULL),
(215, 213, NULL, NULL, NULL),
(215, 214, NULL, NULL, NULL),
(215, 215, NULL, NULL, NULL),
(216, 207, NULL, NULL, NULL),
(216, 208, NULL, NULL, NULL),
(216, 209, NULL, NULL, NULL),
(216, 210, NULL, NULL, NULL),
(216, 211, NULL, NULL, NULL),
(216, 212, NULL, NULL, NULL),
(216, 213, NULL, NULL, NULL),
(216, 214, NULL, NULL, NULL),
(216, 215, NULL, NULL, NULL),
(217, 207, NULL, NULL, NULL),
(217, 208, NULL, NULL, NULL),
(217, 209, NULL, NULL, NULL),
(217, 210, NULL, NULL, NULL),
(217, 211, NULL, NULL, NULL),
(217, 212, NULL, NULL, NULL),
(217, 213, NULL, NULL, NULL),
(217, 214, NULL, NULL, NULL),
(217, 215, NULL, NULL, NULL),
(218, 207, NULL, NULL, NULL),
(218, 208, NULL, NULL, NULL),
(218, 209, NULL, NULL, NULL),
(218, 210, NULL, NULL, NULL),
(218, 211, NULL, NULL, NULL),
(218, 212, NULL, NULL, NULL),
(218, 213, NULL, NULL, NULL),
(218, 214, NULL, NULL, NULL),
(218, 215, NULL, NULL, NULL),
(219, 207, NULL, NULL, NULL),
(219, 208, NULL, NULL, NULL),
(219, 209, NULL, NULL, NULL),
(219, 210, NULL, NULL, NULL),
(219, 211, NULL, NULL, NULL),
(219, 212, NULL, NULL, NULL),
(219, 213, NULL, NULL, NULL),
(219, 214, NULL, NULL, NULL),
(219, 215, NULL, NULL, NULL),
(220, 207, NULL, NULL, NULL),
(220, 208, NULL, NULL, NULL),
(220, 209, NULL, NULL, NULL),
(220, 210, NULL, NULL, NULL),
(220, 211, NULL, NULL, NULL),
(220, 212, NULL, NULL, NULL),
(220, 213, NULL, NULL, NULL),
(220, 214, NULL, NULL, NULL),
(220, 215, NULL, NULL, NULL),
(221, 207, NULL, NULL, NULL),
(221, 208, NULL, NULL, NULL),
(221, 209, NULL, NULL, NULL),
(221, 210, NULL, NULL, NULL),
(221, 211, NULL, NULL, NULL),
(221, 212, NULL, NULL, NULL),
(221, 213, NULL, NULL, NULL),
(221, 214, NULL, NULL, NULL),
(221, 215, NULL, NULL, NULL),
(222, 207, NULL, NULL, NULL),
(222, 208, NULL, NULL, NULL),
(222, 209, NULL, NULL, NULL),
(222, 210, NULL, NULL, NULL),
(222, 211, NULL, NULL, NULL),
(222, 212, NULL, NULL, NULL),
(222, 213, NULL, NULL, NULL),
(222, 214, NULL, NULL, NULL),
(222, 215, NULL, NULL, NULL),
(223, 207, NULL, NULL, NULL),
(223, 208, NULL, NULL, NULL),
(223, 209, NULL, NULL, NULL),
(223, 210, NULL, NULL, NULL),
(223, 211, NULL, NULL, NULL),
(223, 212, NULL, NULL, NULL),
(223, 213, NULL, NULL, NULL),
(223, 214, NULL, NULL, NULL),
(223, 215, NULL, NULL, NULL),
(224, 207, NULL, NULL, NULL),
(224, 208, NULL, NULL, NULL),
(224, 209, NULL, NULL, NULL),
(224, 210, NULL, NULL, NULL),
(224, 211, NULL, NULL, NULL),
(224, 212, NULL, NULL, NULL),
(224, 213, NULL, NULL, NULL),
(224, 214, NULL, NULL, NULL),
(224, 215, NULL, NULL, NULL),
(225, 207, NULL, NULL, NULL),
(225, 208, NULL, NULL, NULL),
(225, 209, NULL, NULL, NULL),
(225, 210, NULL, NULL, NULL),
(225, 211, NULL, NULL, NULL),
(225, 212, NULL, NULL, NULL),
(225, 213, NULL, NULL, NULL),
(225, 214, NULL, NULL, NULL),
(225, 215, NULL, NULL, NULL),
(226, 207, NULL, NULL, NULL),
(226, 208, NULL, NULL, NULL),
(226, 209, NULL, NULL, NULL),
(226, 210, NULL, NULL, NULL),
(226, 211, NULL, NULL, NULL),
(226, 212, NULL, NULL, NULL),
(226, 213, NULL, NULL, NULL),
(226, 214, NULL, NULL, NULL),
(226, 215, NULL, NULL, NULL),
(227, 207, NULL, NULL, NULL),
(227, 208, NULL, NULL, NULL),
(227, 209, NULL, NULL, NULL),
(227, 210, NULL, NULL, NULL),
(227, 211, NULL, NULL, NULL),
(227, 212, NULL, NULL, NULL),
(227, 213, NULL, NULL, NULL),
(227, 214, NULL, NULL, NULL),
(227, 215, NULL, NULL, NULL),
(228, 207, NULL, NULL, NULL),
(228, 208, NULL, NULL, NULL),
(228, 209, NULL, NULL, NULL),
(228, 210, NULL, NULL, NULL),
(228, 211, NULL, NULL, NULL),
(228, 212, NULL, NULL, NULL),
(228, 213, NULL, NULL, NULL),
(228, 214, NULL, NULL, NULL),
(228, 215, NULL, NULL, NULL),
(229, 207, NULL, NULL, NULL),
(229, 208, NULL, NULL, NULL),
(229, 209, NULL, NULL, NULL),
(229, 210, NULL, NULL, NULL),
(229, 211, NULL, NULL, NULL),
(229, 212, NULL, NULL, NULL),
(229, 213, NULL, NULL, NULL),
(229, 214, NULL, NULL, NULL),
(229, 215, NULL, NULL, NULL),
(231, 207, NULL, NULL, NULL),
(231, 208, NULL, NULL, NULL),
(231, 209, NULL, NULL, NULL),
(231, 210, NULL, NULL, NULL),
(231, 211, NULL, NULL, NULL),
(231, 212, NULL, NULL, NULL),
(231, 213, NULL, NULL, NULL),
(231, 214, NULL, NULL, NULL),
(231, 215, NULL, NULL, NULL),
(232, 207, NULL, NULL, NULL),
(232, 208, NULL, NULL, NULL),
(232, 209, NULL, NULL, NULL),
(232, 210, NULL, NULL, NULL),
(232, 211, NULL, NULL, NULL),
(232, 212, NULL, NULL, NULL),
(232, 213, NULL, NULL, NULL),
(232, 214, NULL, NULL, NULL),
(232, 215, NULL, NULL, NULL),
(233, 207, NULL, NULL, NULL),
(233, 208, NULL, NULL, NULL),
(233, 209, NULL, NULL, NULL),
(233, 210, NULL, NULL, NULL),
(233, 211, NULL, NULL, NULL),
(233, 212, NULL, NULL, NULL),
(233, 213, NULL, NULL, NULL),
(233, 214, NULL, NULL, NULL),
(233, 215, NULL, NULL, NULL),
(234, 207, NULL, NULL, NULL),
(234, 208, NULL, NULL, NULL),
(234, 209, NULL, NULL, NULL),
(234, 210, NULL, NULL, NULL),
(234, 211, NULL, NULL, NULL),
(234, 212, NULL, NULL, NULL),
(234, 213, NULL, NULL, NULL),
(234, 214, NULL, NULL, NULL),
(234, 215, NULL, NULL, NULL),
(235, 207, NULL, NULL, NULL),
(235, 208, NULL, NULL, NULL),
(235, 209, NULL, NULL, NULL),
(235, 210, NULL, NULL, NULL),
(235, 211, NULL, NULL, NULL),
(235, 212, NULL, NULL, NULL),
(235, 213, NULL, NULL, NULL),
(235, 214, NULL, NULL, NULL),
(235, 215, NULL, NULL, NULL),
(236, 207, NULL, NULL, NULL),
(236, 208, NULL, NULL, NULL),
(236, 209, NULL, NULL, NULL),
(236, 210, NULL, NULL, NULL),
(236, 211, NULL, NULL, NULL),
(236, 212, NULL, NULL, NULL),
(236, 213, NULL, NULL, NULL),
(236, 214, NULL, NULL, NULL),
(236, 215, NULL, NULL, NULL),
(237, 207, NULL, NULL, NULL),
(237, 208, NULL, NULL, NULL),
(237, 209, NULL, NULL, NULL),
(237, 210, NULL, NULL, NULL),
(237, 211, NULL, NULL, NULL),
(237, 212, NULL, NULL, NULL),
(237, 213, NULL, NULL, NULL),
(237, 214, NULL, NULL, NULL),
(237, 215, NULL, NULL, NULL),
(238, 207, NULL, NULL, NULL),
(238, 208, NULL, NULL, NULL),
(238, 209, NULL, NULL, NULL),
(238, 210, NULL, NULL, NULL),
(238, 211, NULL, NULL, NULL),
(238, 212, NULL, NULL, NULL),
(238, 213, NULL, NULL, NULL),
(238, 214, NULL, NULL, NULL),
(238, 215, NULL, NULL, NULL),
(239, 207, NULL, NULL, NULL),
(239, 208, NULL, NULL, NULL),
(239, 209, NULL, NULL, NULL),
(239, 210, NULL, NULL, NULL),
(239, 211, NULL, NULL, NULL),
(239, 212, NULL, NULL, NULL),
(239, 213, NULL, NULL, NULL),
(239, 214, NULL, NULL, NULL),
(239, 215, NULL, NULL, NULL),
(240, 207, NULL, NULL, NULL),
(240, 208, NULL, NULL, NULL),
(240, 209, NULL, NULL, NULL),
(240, 210, NULL, NULL, NULL),
(240, 211, NULL, NULL, NULL),
(240, 212, NULL, NULL, NULL),
(240, 213, NULL, NULL, NULL),
(240, 214, NULL, NULL, NULL),
(240, 215, NULL, NULL, NULL),
(241, 207, NULL, NULL, NULL),
(241, 208, NULL, NULL, NULL),
(241, 209, NULL, NULL, NULL),
(241, 210, NULL, NULL, NULL),
(241, 211, NULL, NULL, NULL),
(241, 212, NULL, NULL, NULL),
(241, 213, NULL, NULL, NULL),
(241, 214, NULL, NULL, NULL),
(241, 215, NULL, NULL, NULL),
(242, 207, NULL, NULL, NULL),
(242, 208, NULL, NULL, NULL),
(242, 209, NULL, NULL, NULL),
(242, 210, NULL, NULL, NULL),
(242, 211, NULL, NULL, NULL),
(242, 212, NULL, NULL, NULL),
(242, 213, NULL, NULL, NULL),
(242, 214, NULL, NULL, NULL),
(242, 215, NULL, NULL, NULL),
(243, 207, NULL, NULL, NULL),
(243, 208, NULL, NULL, NULL),
(243, 209, NULL, NULL, NULL),
(243, 210, NULL, NULL, NULL),
(243, 211, NULL, NULL, NULL),
(243, 212, NULL, NULL, NULL),
(243, 213, NULL, NULL, NULL),
(243, 214, NULL, NULL, NULL),
(243, 215, NULL, NULL, NULL),
(244, 207, NULL, NULL, NULL),
(244, 208, NULL, NULL, NULL),
(244, 209, NULL, NULL, NULL),
(244, 210, NULL, NULL, NULL),
(244, 211, NULL, NULL, NULL),
(244, 212, NULL, NULL, NULL),
(244, 213, NULL, NULL, NULL),
(244, 214, NULL, NULL, NULL),
(244, 215, NULL, NULL, NULL),
(245, 207, NULL, NULL, NULL),
(245, 208, NULL, NULL, NULL),
(245, 209, NULL, NULL, NULL),
(245, 210, NULL, NULL, NULL),
(245, 211, NULL, NULL, NULL),
(245, 212, NULL, NULL, NULL),
(245, 213, NULL, NULL, NULL),
(245, 214, NULL, NULL, NULL),
(245, 215, NULL, NULL, NULL),
(246, 207, NULL, NULL, NULL),
(246, 208, NULL, NULL, NULL),
(246, 209, NULL, NULL, NULL),
(246, 210, NULL, NULL, NULL),
(246, 211, NULL, NULL, NULL),
(246, 212, NULL, NULL, NULL),
(246, 213, NULL, NULL, NULL),
(246, 214, NULL, NULL, NULL),
(246, 215, NULL, NULL, NULL),
(247, 207, NULL, NULL, NULL),
(247, 208, NULL, NULL, NULL),
(247, 209, NULL, NULL, NULL),
(247, 210, NULL, NULL, NULL),
(247, 211, NULL, NULL, NULL),
(247, 212, NULL, NULL, NULL),
(247, 213, NULL, NULL, NULL),
(247, 214, NULL, NULL, NULL),
(247, 215, NULL, NULL, NULL),
(248, 207, NULL, NULL, NULL),
(248, 208, NULL, NULL, NULL),
(248, 209, NULL, NULL, NULL),
(248, 210, NULL, NULL, NULL),
(248, 211, NULL, NULL, NULL),
(248, 212, NULL, NULL, NULL),
(248, 213, NULL, NULL, NULL),
(248, 214, NULL, NULL, NULL),
(248, 215, NULL, NULL, NULL),
(249, 207, NULL, NULL, NULL),
(249, 208, NULL, NULL, NULL),
(249, 209, NULL, NULL, NULL),
(249, 210, NULL, NULL, NULL),
(249, 211, NULL, NULL, NULL),
(249, 212, NULL, NULL, NULL),
(249, 213, NULL, NULL, NULL),
(249, 214, NULL, NULL, NULL),
(249, 215, NULL, NULL, NULL),
(250, 207, NULL, NULL, NULL),
(250, 208, NULL, NULL, NULL),
(250, 209, NULL, NULL, NULL),
(250, 210, NULL, NULL, NULL),
(250, 211, NULL, NULL, NULL),
(250, 212, NULL, NULL, NULL),
(250, 213, NULL, NULL, NULL),
(250, 214, NULL, NULL, NULL),
(250, 215, NULL, NULL, NULL),
(251, 207, NULL, NULL, NULL),
(251, 208, NULL, NULL, NULL),
(251, 209, NULL, NULL, NULL),
(251, 210, NULL, NULL, NULL),
(251, 211, NULL, NULL, NULL),
(251, 212, NULL, NULL, NULL),
(251, 213, NULL, NULL, NULL),
(251, 214, NULL, NULL, NULL),
(251, 215, NULL, NULL, NULL),
(252, 207, NULL, NULL, NULL),
(252, 208, NULL, NULL, NULL),
(252, 209, NULL, NULL, NULL),
(252, 210, NULL, NULL, NULL),
(252, 211, NULL, NULL, NULL),
(252, 212, NULL, NULL, NULL),
(252, 213, NULL, NULL, NULL),
(252, 214, NULL, NULL, NULL),
(252, 215, NULL, NULL, NULL),
(253, 207, NULL, NULL, NULL),
(253, 208, NULL, NULL, NULL),
(253, 209, NULL, NULL, NULL),
(253, 210, NULL, NULL, NULL),
(253, 211, NULL, NULL, NULL),
(253, 212, NULL, NULL, NULL),
(253, 213, NULL, NULL, NULL),
(253, 214, NULL, NULL, NULL),
(253, 215, NULL, NULL, NULL),
(254, 207, NULL, NULL, NULL),
(254, 208, NULL, NULL, NULL),
(254, 209, NULL, NULL, NULL),
(254, 210, NULL, NULL, NULL),
(254, 211, NULL, NULL, NULL),
(254, 212, NULL, NULL, NULL),
(254, 213, NULL, NULL, NULL),
(254, 214, NULL, NULL, NULL),
(254, 215, NULL, NULL, NULL),
(255, 207, NULL, NULL, NULL),
(255, 208, NULL, NULL, NULL),
(255, 209, NULL, NULL, NULL),
(255, 210, NULL, NULL, NULL),
(255, 211, NULL, NULL, NULL),
(255, 212, NULL, NULL, NULL),
(255, 213, NULL, NULL, NULL),
(255, 214, NULL, NULL, NULL),
(255, 215, NULL, NULL, NULL),
(256, 207, NULL, NULL, NULL),
(256, 208, NULL, NULL, NULL),
(256, 209, NULL, NULL, NULL),
(256, 210, NULL, NULL, NULL),
(256, 211, NULL, NULL, NULL),
(256, 212, NULL, NULL, NULL),
(256, 213, NULL, NULL, NULL),
(256, 214, NULL, NULL, NULL),
(256, 215, NULL, NULL, NULL),
(257, 207, NULL, NULL, NULL),
(257, 208, NULL, NULL, NULL),
(257, 209, NULL, NULL, NULL),
(257, 210, NULL, NULL, NULL),
(257, 211, NULL, NULL, NULL),
(257, 212, NULL, NULL, NULL),
(257, 213, NULL, NULL, NULL),
(257, 214, NULL, NULL, NULL),
(257, 215, NULL, NULL, NULL),
(258, 207, NULL, NULL, NULL),
(258, 208, NULL, NULL, NULL),
(258, 209, NULL, NULL, NULL),
(258, 210, NULL, NULL, NULL),
(258, 211, NULL, NULL, NULL),
(258, 212, NULL, NULL, NULL),
(258, 213, NULL, NULL, NULL),
(258, 214, NULL, NULL, NULL),
(258, 215, NULL, NULL, NULL),
(259, 207, NULL, NULL, NULL),
(259, 208, NULL, NULL, NULL),
(259, 209, NULL, NULL, NULL),
(259, 210, NULL, NULL, NULL),
(259, 211, NULL, NULL, NULL),
(259, 212, NULL, NULL, NULL),
(259, 213, NULL, NULL, NULL),
(259, 214, NULL, NULL, NULL),
(259, 215, NULL, NULL, NULL),
(260, 207, NULL, NULL, NULL),
(260, 208, NULL, NULL, NULL),
(260, 209, NULL, NULL, NULL),
(260, 210, NULL, NULL, NULL),
(260, 211, NULL, NULL, NULL),
(260, 212, NULL, NULL, NULL),
(260, 213, NULL, NULL, NULL),
(260, 214, NULL, NULL, NULL),
(260, 215, NULL, NULL, NULL),
(261, 207, NULL, NULL, NULL),
(261, 208, NULL, NULL, NULL),
(261, 209, NULL, NULL, NULL),
(261, 210, NULL, NULL, NULL),
(261, 211, NULL, NULL, NULL),
(261, 212, NULL, NULL, NULL),
(261, 213, NULL, NULL, NULL),
(261, 214, NULL, NULL, NULL),
(261, 215, NULL, NULL, NULL),
(262, 207, NULL, NULL, NULL),
(262, 208, NULL, NULL, NULL),
(262, 209, NULL, NULL, NULL),
(262, 210, NULL, NULL, NULL),
(262, 211, NULL, NULL, NULL),
(262, 212, NULL, NULL, NULL),
(262, 213, NULL, NULL, NULL),
(262, 214, NULL, NULL, NULL),
(262, 215, NULL, NULL, NULL),
(263, 207, NULL, NULL, NULL),
(263, 208, NULL, NULL, NULL),
(263, 209, NULL, NULL, NULL),
(263, 210, NULL, NULL, NULL),
(263, 211, NULL, NULL, NULL),
(263, 212, NULL, NULL, NULL),
(263, 213, NULL, NULL, NULL),
(263, 214, NULL, NULL, NULL),
(263, 215, NULL, NULL, NULL),
(264, 207, NULL, NULL, NULL),
(264, 208, NULL, NULL, NULL),
(264, 209, NULL, NULL, NULL),
(264, 210, NULL, NULL, NULL),
(264, 211, NULL, NULL, NULL),
(264, 212, NULL, NULL, NULL),
(264, 213, NULL, NULL, NULL),
(264, 214, NULL, NULL, NULL),
(264, 215, NULL, NULL, NULL),
(265, 207, NULL, NULL, NULL),
(265, 208, NULL, NULL, NULL),
(265, 209, NULL, NULL, NULL),
(265, 210, NULL, NULL, NULL),
(265, 211, NULL, NULL, NULL),
(265, 212, NULL, NULL, NULL),
(265, 213, NULL, NULL, NULL),
(265, 214, NULL, NULL, NULL),
(265, 215, NULL, NULL, NULL),
(266, 207, NULL, NULL, NULL),
(266, 208, NULL, NULL, NULL),
(266, 209, NULL, NULL, NULL),
(266, 210, NULL, NULL, NULL),
(266, 211, NULL, NULL, NULL),
(266, 212, NULL, NULL, NULL),
(266, 213, NULL, NULL, NULL),
(266, 214, NULL, NULL, NULL),
(266, 215, NULL, NULL, NULL),
(267, 207, NULL, NULL, NULL),
(267, 208, NULL, NULL, NULL),
(267, 209, NULL, NULL, NULL),
(267, 210, NULL, NULL, NULL),
(267, 211, NULL, NULL, NULL),
(267, 212, NULL, NULL, NULL),
(267, 213, NULL, NULL, NULL),
(267, 214, NULL, NULL, NULL),
(267, 215, NULL, NULL, NULL),
(268, 207, NULL, NULL, NULL),
(268, 208, NULL, NULL, NULL),
(268, 209, NULL, NULL, NULL),
(268, 210, NULL, NULL, NULL),
(268, 211, NULL, NULL, NULL),
(268, 212, NULL, NULL, NULL),
(268, 213, NULL, NULL, NULL),
(268, 214, NULL, NULL, NULL),
(268, 215, NULL, NULL, NULL),
(269, 207, NULL, NULL, NULL),
(269, 208, NULL, NULL, NULL),
(269, 209, NULL, NULL, NULL),
(269, 210, NULL, NULL, NULL),
(269, 211, NULL, NULL, NULL),
(269, 212, NULL, NULL, NULL),
(269, 213, NULL, NULL, NULL),
(269, 214, NULL, NULL, NULL),
(269, 215, NULL, NULL, NULL),
(270, 207, NULL, NULL, NULL),
(270, 208, NULL, NULL, NULL),
(270, 209, NULL, NULL, NULL),
(270, 210, NULL, NULL, NULL),
(270, 211, NULL, NULL, NULL),
(270, 212, NULL, NULL, NULL),
(270, 213, NULL, NULL, NULL),
(270, 214, NULL, NULL, NULL),
(270, 215, NULL, NULL, NULL);

-- --------------------------------------------------------

--
-- Table structure for table `classes`
--

CREATE TABLE `classes` (
  `id` int(10) UNSIGNED NOT NULL,
  `name` varchar(128) NOT NULL,
  `start_date` datetime NOT NULL,
  `end_date` datetime DEFAULT NULL,
  `manager_id` int(10) UNSIGNED DEFAULT NULL,
  `teacher_id` int(10) UNSIGNED NOT NULL,
  `type` int(10) UNSIGNED DEFAULT NULL,
  `location` varchar(255) DEFAULT NULL
) ENGINE=InnoDB DEFAULT CHARSET=utf8mb4 COLLATE=utf8mb4_general_ci;

--
-- Dumping data for table `classes`
--

INSERT INTO `classes` (`id`, `name`, `start_date`, `end_date`, `manager_id`, `teacher_id`, `type`, `location`) VALUES
(48, 'Pengajian Pagi', '2023-10-09 05:00:00', '2023-10-09 06:30:00', NULL, 5, NULL, 'PB (Masjid lt 1), LB (GSG), CP (Aula)'),
(207, 'Expo TA Capstone', '2023-12-08 10:44:00', '2023-12-08 12:00:00', 183, 5, NULL, 'Gedung Baru Teknik Komputer'),
(208, 'Expo TA Capstone', '2023-12-08 08:46:00', '2023-12-08 09:00:00', 142, 5, NULL, 'Gedung Baru Teknik Komputer'),
(209, 'Expo TA Capstone', '2023-12-08 09:01:00', '2023-12-08 09:10:00', 142, 5, NULL, 'Gedung Baru Teknik Komputer'),
(210, 'Expo TA Capstone', '2023-12-08 09:11:00', '2023-12-08 09:20:00', 142, 5, NULL, 'Gedung Baru Teknik Komputer'),
(211, 'Expo TA Capstone', '2023-12-08 09:30:00', '2023-12-08 09:40:00', 142, 5, NULL, 'Gedung Baru Teknik Komputer'),
(212, 'Expo TA Capstone', '2023-12-08 09:21:00', '2023-12-08 09:29:00', 142, 5, NULL, 'Gedung Baru Teknik Komputer'),
(213, 'Expo TA Capstone', '2023-12-08 09:49:00', '2023-12-08 09:58:00', 142, 5, NULL, 'Gedung Baru Teknik Komputer'),
(214, 'Expo TA Capstone', '2023-12-08 10:05:00', '2023-12-08 10:20:00', 142, 5, NULL, 'Gedung Baru Teknik Komputer'),
(215, 'Expo TA Capstone', '2023-12-08 10:35:00', '2023-12-08 10:43:00', 142, 5, NULL, 'Gedung Baru Teknik Komputer');

-- --------------------------------------------------------

--
-- Table structure for table `class_types`
--

CREATE TABLE `class_types` (
  `id` int(10) UNSIGNED NOT NULL,
  `name` varchar(128) NOT NULL
) ENGINE=InnoDB DEFAULT CHARSET=utf8mb4 COLLATE=utf8mb4_general_ci;

--
-- Dumping data for table `class_types`
--

INSERT INTO `class_types` (`id`, `name`) VALUES
(1, 'Cepatan'),
(2, 'Lambatan'),
(3, 'Pegon Bacaan');

-- --------------------------------------------------------

--
-- Table structure for table `leave_permits`
--

CREATE TABLE `leave_permits` (
  `user_id` int(10) UNSIGNED NOT NULL,
  `class_id` int(10) UNSIGNED NOT NULL,
  `description` varchar(1024) DEFAULT NULL,
  `img_url` varchar(255) NOT NULL,
  `is_approved` tinyint(4) NOT NULL
) ENGINE=InnoDB DEFAULT CHARSET=utf8mb4 COLLATE=utf8mb4_general_ci;

--
-- Dumping data for table `leave_permits`
--

INSERT INTO `leave_permits` (`user_id`, `class_id`, `description`, `img_url`, `is_approved`) VALUES
(135, 207, 'Mengerjakan tugas kuliah', '/public/uploads/img_file-1701996449695-332847534.jpg', 0),
(142, 207, 'sakit', '/public/uploads/img_file-1701991937915-994483288.jpg', 1),
(142, 209, 'Expo', '/public/uploads/img_file-1702000300963-538982385.jpg', 1),
(142, 210, 'Sakit', '/public/uploads/img_file-1702001561843-655617695.jpg', 1),
(142, 214, 'Sakit', '/public/uploads/img_file-1702008831837-658548873.jpg', 1),
(183, 207, 'Sakit', '/public/uploads/img_file-1701982320915-463363421.jpg', 1);

-- --------------------------------------------------------

--
-- Table structure for table `roles`
--

CREATE TABLE `roles` (
  `id` int(10) UNSIGNED NOT NULL,
  `name` varchar(128) NOT NULL
) ENGINE=InnoDB DEFAULT CHARSET=utf8mb4 COLLATE=utf8mb4_general_ci;

--
-- Dumping data for table `roles`
--

INSERT INTO `roles` (`id`, `name`) VALUES
(1, 'santri'),
(2, 'guru'),
(3, 'admin');

-- --------------------------------------------------------

--
-- Table structure for table `users`
--

CREATE TABLE `users` (
  `id` int(10) UNSIGNED NOT NULL,
  `name` varchar(128) NOT NULL,
  `card_id` varchar(8) DEFAULT NULL,
  `password` varchar(128) NOT NULL,
  `birth_date` date DEFAULT NULL,
  `grade` varchar(24) DEFAULT NULL,
  `telephone_number` varchar(13) DEFAULT NULL,
  `role` int(10) UNSIGNED DEFAULT 1,
  `class_type` int(10) UNSIGNED DEFAULT NULL,
  `gender` tinyint(4) DEFAULT NULL,
  `nis` varchar(24) DEFAULT NULL,
  `is_active` tinyint(4) DEFAULT 0,
  `inactive_reason` varchar(255) DEFAULT NULL,
  `origin` varchar(128) DEFAULT NULL,
  `residence_in_semarang` varchar(128) DEFAULT NULL
) ENGINE=InnoDB DEFAULT CHARSET=utf8mb4 COLLATE=utf8mb4_general_ci;

--
-- Dumping data for table `users`
--

INSERT INTO `users` (`id`, `name`, `card_id`, `password`, `birth_date`, `grade`, `telephone_number`, `role`, `class_type`, `gender`, `nis`, `is_active`, `inactive_reason`, `origin`, `residence_in_semarang`) VALUES
(5, 'testGuru', NULL, '$2b$10$E9kr1lKI6tZUGflT5WaNoe.iuaWNU0K02d1SZpceW9o3LM7sJc6NG', '2001-01-01', NULL, '0856015601923', 2, NULL, 0, NULL, 1, NULL, NULL, 'asd'),
(6, 'testAdmin', NULL, '$2b$10$qa2lQKYJN2f9.U0Zx3.47u0f6oX.S/7tWFaU/lumOxZ/nNyutsOqi', '2001-01-01', NULL, '085601560192', 3, NULL, 0, NULL, 1, NULL, NULL, NULL),
(20, 'admin2', NULL, '$2b$10$qa2lQKYJN2f9.U0Zx3.47u0f6oX.S/7tWFaU/lumOxZ/nNyutsOqi', '2001-01-01', NULL, '0856015601923', 3, NULL, 1, NULL, NULL, NULL, NULL, NULL),
(109, 'ZIDAN AKBAR NUGROHO', NULL, '$2b$10$qa2lQKYJN2f9.U0Zx3.47u0f6oX.S/7tWFaU/lumOxZ/nNyutsOqi', '2001-01-01', '9', NULL, 1, 2, 1, '2300473', 1, NULL, 'SUKOHARJO', 'PPM'),
(113, 'BANUNOVA IBRAHIM', NULL, '$2b$10$qa2lQKYJN2f9.U0Zx3.47u0f6oX.S/7tWFaU/lumOxZ/nNyutsOqi', '2001-01-01', '5', NULL, 1, 1, 1, '190221', 0, NULL, 'CILACAP', 'KOS PEDALANGAN'),
(114, 'ERSA SALSA FEBRIYOLA', NULL, '$2b$10$qa2lQKYJN2f9.U0Zx3.47u0f6oX.S/7tWFaU/lumOxZ/nNyutsOqi', '2001-01-01', '5', NULL, 1, 1, 0, '190229', 0, NULL, 'WONOSOBO', 'KOS PEDALANGAN'),
(115, 'FADHIL ISTAUFAL BANAN', NULL, '$2b$10$qa2lQKYJN2f9.U0Zx3.47u0f6oX.S/7tWFaU/lumOxZ/nNyutsOqi', '2001-01-01', '5', NULL, 1, 1, 1, '190230', 1, NULL, 'KALIMANTAN', 'KOS AG'),
(116, 'FAHAD MURSYID J.', NULL, '$2b$10$qa2lQKYJN2f9.U0Zx3.47u0f6oX.S/7tWFaU/lumOxZ/nNyutsOqi', '2001-01-01', '5', NULL, 1, 1, 1, '190231', 0, NULL, 'JOGJA', 'KOS PEDALANGAN'),
(117, 'FAHMI AMINUDDIN S.', NULL, '$2b$10$qa2lQKYJN2f9.U0Zx3.47u0f6oX.S/7tWFaU/lumOxZ/nNyutsOqi', '2001-01-01', '5', NULL, 1, 1, 1, '190232', 1, NULL, 'BLORA', 'KOS AG'),
(119, 'HIZKIEL PUTRA P.', NULL, '$2b$10$qa2lQKYJN2f9.U0Zx3.47u0f6oX.S/7tWFaU/lumOxZ/nNyutsOqi', '2001-01-01', '5', NULL, 1, 1, 1, '190237', 0, NULL, 'SEMARANG', 'KOS AG'),
(120, 'ISNAINI MASKHANATUL F.', NULL, '$2b$10$qa2lQKYJN2f9.U0Zx3.47u0f6oX.S/7tWFaU/lumOxZ/nNyutsOqi', '2001-01-01', '5', NULL, 1, 1, 0, '190240', 0, NULL, 'BREBES', 'KOS PEDALANGAN'),
(121, 'JULIAN KUSUMA WARDOYO', NULL, '$2b$10$qa2lQKYJN2f9.U0Zx3.47u0f6oX.S/7tWFaU/lumOxZ/nNyutsOqi', '2001-01-01', '5', NULL, 1, 1, 1, '190241', 1, NULL, 'JEPARA', 'KOS AG'),
(122, 'M. ALIF FAUZI', NULL, '$2b$10$qa2lQKYJN2f9.U0Zx3.47u0f6oX.S/7tWFaU/lumOxZ/nNyutsOqi', '2001-01-01', '5', NULL, 1, 1, 1, '190251', 1, NULL, 'KALIMANTAN', 'KOS AG'),
(123, 'M. FAJAR WAHYU R. I.', NULL, '$2b$10$qa2lQKYJN2f9.U0Zx3.47u0f6oX.S/7tWFaU/lumOxZ/nNyutsOqi', '2001-01-01', '5', NULL, 1, 1, 1, '190253', 1, NULL, 'MADIUN', 'KOS AG'),
(124, 'M. ROZAN FAHREZA', NULL, '$2b$10$qa2lQKYJN2f9.U0Zx3.47u0f6oX.S/7tWFaU/lumOxZ/nNyutsOqi', '2001-01-01', '5', NULL, 1, 1, 1, '190249', 1, NULL, 'SOLO', 'KOS AG'),
(125, 'NOVI NUR FAJRI AGUSTINA', NULL, '$2b$10$qa2lQKYJN2f9.U0Zx3.47u0f6oX.S/7tWFaU/lumOxZ/nNyutsOqi', '2001-01-01', '5', NULL, 1, 1, 0, '190261', 0, NULL, 'KENDAL', 'KOS PEDALANGAN'),
(128, 'RARA CHARISTA T. S.', NULL, '$2b$10$qa2lQKYJN2f9.U0Zx3.47u0f6oX.S/7tWFaU/lumOxZ/nNyutsOqi', '2001-01-01', '5', NULL, 1, 1, 0, '190265', 1, NULL, 'BREBES', 'KOS GHP'),
(129, 'SANIA ALFIANITA', NULL, '$2b$10$qa2lQKYJN2f9.U0Zx3.47u0f6oX.S/7tWFaU/lumOxZ/nNyutsOqi', '2001-01-01', '5', NULL, 1, 1, 0, '190270', 1, NULL, 'BOYOLALI', 'KOS CFC'),
(130, 'SAPTA HATMI HERLINA', NULL, '$2b$10$qa2lQKYJN2f9.U0Zx3.47u0f6oX.S/7tWFaU/lumOxZ/nNyutsOqi', '2001-01-01', '5', NULL, 1, 1, 0, '190271', 1, NULL, 'JOGJA', 'KOS PEDALANGAN'),
(131, 'ULYA SABIQ SABILA', NULL, '$2b$10$qa2lQKYJN2f9.U0Zx3.47u0f6oX.S/7tWFaU/lumOxZ/nNyutsOqi', '2001-01-01', '5', NULL, 1, 1, 0, '190275', 1, NULL, 'TANGERANG', 'KOS PEDALANGAN'),
(132, 'DINDA PUTRI NAMIROH', NULL, '$2b$10$qa2lQKYJN2f9.U0Zx3.47u0f6oX.S/7tWFaU/lumOxZ/nNyutsOqi', '2001-01-01', '6', NULL, 1, 2, 0, '200289', 1, NULL, 'UNGARAN', 'KOS CFC'),
(133, 'DIVANDRA JAMBY', NULL, '$2b$10$qa2lQKYJN2f9.U0Zx3.47u0f6oX.S/7tWFaU/lumOxZ/nNyutsOqi', '2001-01-01', '6', NULL, 1, 2, 0, '200290', 1, NULL, 'JAMBI', 'KOS PEDALANGAN'),
(134, 'DWI KURNIA ROMADHONI', NULL, '$2b$10$qa2lQKYJN2f9.U0Zx3.47u0f6oX.S/7tWFaU/lumOxZ/nNyutsOqi', '2001-01-01', '6', NULL, 1, 1, 0, '200292', 1, NULL, 'KLATEN', 'KOS PEDALANGAN'),
(135, 'FAISHAL RAZAN YUSUF', NULL, '$2b$10$qa2lQKYJN2f9.U0Zx3.47u0f6oX.S/7tWFaU/lumOxZ/nNyutsOqi', '2001-01-01', '6', NULL, 1, 2, 1, '200294', 1, NULL, 'KALIMANTAN', 'PPM'),
(136, 'FATMA AULIYA MUSDALIFAH', NULL, '$2b$10$qa2lQKYJN2f9.U0Zx3.47u0f6oX.S/7tWFaU/lumOxZ/nNyutsOqi', '2001-01-01', '6', NULL, 1, 2, 0, '200297', 1, NULL, 'TANGERANG', 'KOS CFC'),
(137, 'FEBRINA NUR ANNISA', NULL, '$2b$10$qa2lQKYJN2f9.U0Zx3.47u0f6oX.S/7tWFaU/lumOxZ/nNyutsOqi', '2001-01-01', '6', NULL, 1, 1, 0, '200298', 0, NULL, 'BANYUMAS', 'KOS PEDALANGAN'),
(138, 'HASAN MAULANA IBRAHIM', NULL, '$2b$10$qa2lQKYJN2f9.U0Zx3.47u0f6oX.S/7tWFaU/lumOxZ/nNyutsOqi', '2001-01-01', '6', NULL, 1, 1, 1, '200301', 1, NULL, 'BEKASI', 'PPM'),
(139, 'HESSY RAHMA WATI', NULL, '$2b$10$qa2lQKYJN2f9.U0Zx3.47u0f6oX.S/7tWFaU/lumOxZ/nNyutsOqi', '2001-01-01', '6', NULL, 1, 2, 0, '200302', 1, NULL, 'SEMARANG SELATAN', 'PRIBUMI'),
(140, 'LATHIFARIDA ELKOGAJEVANI', NULL, '$2b$10$qa2lQKYJN2f9.U0Zx3.47u0f6oX.S/7tWFaU/lumOxZ/nNyutsOqi', '2001-01-01', '6', NULL, 1, 1, 0, '200306', 1, NULL, 'KARANGANYAR', 'KOS PEDALANGAN'),
(141, 'MUHAMMAD AZIS HABIBULLOH', NULL, '$2b$10$qa2lQKYJN2f9.U0Zx3.47u0f6oX.S/7tWFaU/lumOxZ/nNyutsOqi', '2001-01-01', '6', NULL, 1, 1, 1, '200309', 1, NULL, 'SUKOHARJO', 'PPM'),
(142, 'MUHAMMAD SULTHON AULIYA', 'D30722BA', '$2b$10$qa2lQKYJN2f9.U0Zx3.47u0f6oX.S/7tWFaU/lumOxZ/nNyutsOqi', '2000-12-31', '6', 'null', 1, 1, 1, '200311', 1, NULL, 'TEMANGGUNG', 'PPM'),
(143, 'ROFIQ ZIFA SAIFULLOH', NULL, '$2b$10$qa2lQKYJN2f9.U0Zx3.47u0f6oX.S/7tWFaU/lumOxZ/nNyutsOqi', '2001-01-01', '6', NULL, 1, 1, 1, '200318', 0, NULL, 'KLATEN', 'KOS PEDALANGAN'),
(144, 'SONIA FAJERIN AULIA', NULL, '$2b$10$qa2lQKYJN2f9.U0Zx3.47u0f6oX.S/7tWFaU/lumOxZ/nNyutsOqi', '2001-01-01', '6', NULL, 1, 1, 0, '200321', 1, NULL, 'TUBAN', 'KOS PEDALANGAN'),
(145, 'SORAYA AMALIA HAQUN', NULL, '$2b$10$qa2lQKYJN2f9.U0Zx3.47u0f6oX.S/7tWFaU/lumOxZ/nNyutsOqi', '2001-01-01', '6', NULL, 1, 2, 0, '200322', 1, NULL, 'SEMARANG', 'KOS PEDALANGAN'),
(146, 'TRI NURHIDAYATI', NULL, '$2b$10$qa2lQKYJN2f9.U0Zx3.47u0f6oX.S/7tWFaU/lumOxZ/nNyutsOqi', '2001-01-01', '6', NULL, 1, 1, 0, '200323', 1, NULL, 'LAMPUNG', 'KOS CFC'),
(147, 'ALIF TRIADI', NULL, '$2b$10$qa2lQKYJN2f9.U0Zx3.47u0f6oX.S/7tWFaU/lumOxZ/nNyutsOqi', '2001-01-01', '7', NULL, 1, 2, 1, '2100325', 1, NULL, 'BEKASI', 'PPM'),
(148, 'ALKHURI AURELIA FANANI', NULL, '$2b$10$qa2lQKYJN2f9.U0Zx3.47u0f6oX.S/7tWFaU/lumOxZ/nNyutsOqi', '2001-01-01', '7', NULL, 1, 2, 0, '2100326', 1, NULL, 'REMBANG', 'PPM'),
(149, 'AMMY RHAUDATUL JANNAH', NULL, '$2b$10$qa2lQKYJN2f9.U0Zx3.47u0f6oX.S/7tWFaU/lumOxZ/nNyutsOqi', '2001-01-01', '7', NULL, 1, 2, 0, '2100328', 1, NULL, 'JAKARTA', 'KOS GHP'),
(150, 'ANJANI NISFA RAMADHANA', NULL, '$2b$10$qa2lQKYJN2f9.U0Zx3.47u0f6oX.S/7tWFaU/lumOxZ/nNyutsOqi', '2001-01-01', '7', NULL, 1, 2, 0, '2100329', 1, NULL, 'LAMONGAN', 'KOS GHP'),
(151, 'AYU WULAN SARI', '83AC21BA', '$2b$10$qa2lQKYJN2f9.U0Zx3.47u0f6oX.S/7tWFaU/lumOxZ/nNyutsOqi', '2000-12-31', '7', 'null', 1, 1, 0, '2100331', 1, NULL, 'GROBOGAN', 'PPM'),
(152, 'BARON KAYISTSAR AULIA', NULL, '$2b$10$qa2lQKYJN2f9.U0Zx3.47u0f6oX.S/7tWFaU/lumOxZ/nNyutsOqi', '2001-01-01', '7', NULL, 1, 2, 1, '2100332', 1, NULL, 'KARAWANG', 'PPM'),
(153, 'BERLIA TRISNA PUTRI', NULL, '$2b$10$qa2lQKYJN2f9.U0Zx3.47u0f6oX.S/7tWFaU/lumOxZ/nNyutsOqi', '2001-01-01', '7', NULL, 1, 2, 0, '2100375', 1, NULL, 'BATANG', 'KOS GHP'),
(154, 'ELMIA SOFA HERAWATI', NULL, '$2b$10$qa2lQKYJN2f9.U0Zx3.47u0f6oX.S/7tWFaU/lumOxZ/nNyutsOqi', '2001-01-01', '7', NULL, 1, 2, 0, '2100336', 1, NULL, 'TUBAN', 'PPM'),
(155, 'FAISAL ISMAIL ASADULLAH', NULL, '$2b$10$qa2lQKYJN2f9.U0Zx3.47u0f6oX.S/7tWFaU/lumOxZ/nNyutsOqi', '2001-01-01', '7', NULL, 1, 1, 1, '2100338', 1, NULL, 'TANGERANG', 'PPM'),
(156, 'FARID ARIA WARDANA', NULL, '$2b$10$qa2lQKYJN2f9.U0Zx3.47u0f6oX.S/7tWFaU/lumOxZ/nNyutsOqi', '2001-01-01', '7', NULL, 1, 1, 1, '2100339', 1, NULL, 'KENDAL', 'PPM'),
(157, 'FATRA FAIZA MAJID', NULL, '$2b$10$qa2lQKYJN2f9.U0Zx3.47u0f6oX.S/7tWFaU/lumOxZ/nNyutsOqi', '2001-01-01', '7', NULL, 1, 1, 0, '2100340', 1, NULL, 'BEKASI', 'PPM'),
(158, 'IBRAHIM USMAN SANJAYA', NULL, '$2b$10$qa2lQKYJN2f9.U0Zx3.47u0f6oX.S/7tWFaU/lumOxZ/nNyutsOqi', '2001-01-01', '7', NULL, 1, 2, 1, '2100342', 1, NULL, 'CIREBON', 'PPM'),
(159, 'IGA NGESTI SURYANI', NULL, '$2b$10$qa2lQKYJN2f9.U0Zx3.47u0f6oX.S/7tWFaU/lumOxZ/nNyutsOqi', '2001-01-01', '7', NULL, 1, 1, 0, '2100343', 1, NULL, 'PEKALONGAN', 'PPM'),
(160, 'KEVIN RICKY ZAKIA YAHYA', NULL, '$2b$10$qa2lQKYJN2f9.U0Zx3.47u0f6oX.S/7tWFaU/lumOxZ/nNyutsOqi', '2001-01-01', '7', NULL, 1, 2, 1, '2100373', 1, NULL, 'GROBOGAN', 'PPM'),
(162, 'MAULINA RIZQI AZZAHRA', NULL, '$2b$10$qa2lQKYJN2f9.U0Zx3.47u0f6oX.S/7tWFaU/lumOxZ/nNyutsOqi', '2001-01-01', '7', NULL, 1, 2, 0, '2100347', 1, NULL, 'SEMARANG', 'PRIBUMI'),
(163, 'MOHAMMAD DHANI AKBAR', NULL, '$2b$10$qa2lQKYJN2f9.U0Zx3.47u0f6oX.S/7tWFaU/lumOxZ/nNyutsOqi', '2001-01-01', '7', NULL, 1, 2, 1, '2100348', 1, NULL, 'TEGAL', 'PPM'),
(164, 'MUHAMMAD ANDI YOGA FIKANANTA ABDULLOH', '131922BA', '$2b$10$qa2lQKYJN2f9.U0Zx3.47u0f6oX.S/7tWFaU/lumOxZ/nNyutsOqi', '2000-12-31', '7', 'null', 1, 2, 1, '2100349', 1, NULL, 'TANGERANG', 'PPM'),
(165, 'MUHAMMAD MIFTAH AIZAL AZHAR', NULL, '$2b$10$qa2lQKYJN2f9.U0Zx3.47u0f6oX.S/7tWFaU/lumOxZ/nNyutsOqi', '2001-01-01', '7', NULL, 1, 2, 1, '2100352', 1, NULL, 'BOYOLALI', 'PPM'),
(166, 'MUHAMMAD RODIFA', NULL, '$2b$10$qa2lQKYJN2f9.U0Zx3.47u0f6oX.S/7tWFaU/lumOxZ/nNyutsOqi', '2001-01-01', '7', NULL, 1, 2, 1, '2100353', 1, NULL, 'PURWOKERTO', 'PPM'),
(167, 'MUHAMMAD WAHYU GUNAWAN', NULL, '$2b$10$qa2lQKYJN2f9.U0Zx3.47u0f6oX.S/7tWFaU/lumOxZ/nNyutsOqi', '2001-01-01', '7', NULL, 1, 1, 1, '2100354', 1, NULL, 'LINGGAU', 'PPM'),
(168, 'NAILANNAJA KURNIA SYAFA\'', NULL, '$2b$10$qa2lQKYJN2f9.U0Zx3.47u0f6oX.S/7tWFaU/lumOxZ/nNyutsOqi', '2001-01-01', '7', NULL, 1, 2, 0, '2100355', 1, NULL, 'PEKALONGAN', 'KOS KPA'),
(169, 'NUR HAFIDZ PUTRI LESTARI', NULL, '$2b$10$qa2lQKYJN2f9.U0Zx3.47u0f6oX.S/7tWFaU/lumOxZ/nNyutsOqi', '2001-01-01', '7', NULL, 1, 1, 0, '2100356', 1, NULL, 'BENGKULU', 'PPM'),
(170, 'PUTRI ARUM SALSABILLA', NULL, '$2b$10$qa2lQKYJN2f9.U0Zx3.47u0f6oX.S/7tWFaU/lumOxZ/nNyutsOqi', '2001-01-01', '7', NULL, 1, 2, 0, '2100357', 1, NULL, 'BREBES', 'KOS CFC'),
(171, 'RACHMA NURLAILY AGUSTIN', NULL, '$2b$10$qa2lQKYJN2f9.U0Zx3.47u0f6oX.S/7tWFaU/lumOxZ/nNyutsOqi', '2001-01-01', '7', NULL, 1, 1, 0, '2100358', 1, NULL, 'LAMPUNG', 'PPM'),
(172, 'RISA NURUL OVILYA', NULL, '$2b$10$qa2lQKYJN2f9.U0Zx3.47u0f6oX.S/7tWFaU/lumOxZ/nNyutsOqi', '2001-01-01', '7', NULL, 1, 1, 0, '2100359', 1, NULL, 'BLORA', 'PPM'),
(173, 'SAIF AHMAD HAKIM', NULL, '$2b$10$qa2lQKYJN2f9.U0Zx3.47u0f6oX.S/7tWFaU/lumOxZ/nNyutsOqi', '2001-01-01', '7', NULL, 1, 2, 1, '2100361', 1, NULL, 'BOYOLALI', 'PPM'),
(174, 'SALSA DELA', NULL, '$2b$10$qa2lQKYJN2f9.U0Zx3.47u0f6oX.S/7tWFaU/lumOxZ/nNyutsOqi', '2001-01-01', '7', NULL, 1, 1, 0, '2100362', 1, NULL, 'SRAGEN', 'PPM'),
(175, 'SEPTRIANI AULIANA', NULL, '$2b$10$qa2lQKYJN2f9.U0Zx3.47u0f6oX.S/7tWFaU/lumOxZ/nNyutsOqi', '2001-01-01', '7', NULL, 1, 2, 0, '2100363', 1, NULL, 'SEMARANG', 'PRIBUMI'),
(176, 'USWATUN KHASANAH', NULL, '$2b$10$qa2lQKYJN2f9.U0Zx3.47u0f6oX.S/7tWFaU/lumOxZ/nNyutsOqi', '2001-01-01', '7', NULL, 1, 2, 0, '2100365', 1, NULL, 'JAKARTA', 'PPM'),
(177, 'VALEN GUSMAN ESTRADA', NULL, '$2b$10$qa2lQKYJN2f9.U0Zx3.47u0f6oX.S/7tWFaU/lumOxZ/nNyutsOqi', '2001-01-01', '7', NULL, 1, 1, 0, '2100366', 1, NULL, 'SURABAYA', 'PPM'),
(178, 'VALENCIA DA\'I FAHRIYYAN', NULL, '$2b$10$qa2lQKYJN2f9.U0Zx3.47u0f6oX.S/7tWFaU/lumOxZ/nNyutsOqi', '2001-01-01', '7', NULL, 1, 1, 1, '2100367', 1, NULL, 'SUKOHARJO', 'PPM'),
(179, 'WILDAN ROSYID', NULL, '$2b$10$qa2lQKYJN2f9.U0Zx3.47u0f6oX.S/7tWFaU/lumOxZ/nNyutsOqi', '2001-01-01', '7', NULL, 1, 1, 1, '2100369', 1, NULL, 'MAGELANG', 'PPM'),
(180, 'YOUMA NOOR RACHMA', NULL, '$2b$10$qa2lQKYJN2f9.U0Zx3.47u0f6oX.S/7tWFaU/lumOxZ/nNyutsOqi', '2001-01-01', '7', NULL, 1, 1, 0, '2100370', 1, NULL, 'SEMARANG', 'KOS GHP'),
(181, 'ZAZKIA YONI AFRIANTHI', NULL, '$2b$10$qa2lQKYJN2f9.U0Zx3.47u0f6oX.S/7tWFaU/lumOxZ/nNyutsOqi', '2001-01-01', '7', NULL, 1, 2, 0, '2100371', 1, NULL, 'BREBES', 'KOS CFC'),
(182, 'ALFIRA QOIRINNISA', NULL, '$2b$10$qa2lQKYJN2f9.U0Zx3.47u0f6oX.S/7tWFaU/lumOxZ/nNyutsOqi', '2001-01-01', '8', NULL, 1, 2, 0, '2200376', 1, NULL, 'SEMARANG', 'PRIBUMI'),
(183, 'ANI LESTARI', NULL, '$2b$10$qa2lQKYJN2f9.U0Zx3.47u0f6oX.S/7tWFaU/lumOxZ/nNyutsOqi', '2001-01-01', '8', NULL, 1, 1, 0, '2200378', 0, NULL, 'SEMARANG SELATAN', 'PRIBUMI'),
(184, 'ANNISA SALMA AGUSTINA', NULL, '$2b$10$qa2lQKYJN2f9.U0Zx3.47u0f6oX.S/7tWFaU/lumOxZ/nNyutsOqi', '2001-01-01', '8', NULL, 1, 2, 0, '2200379', 1, NULL, 'KLATEN', 'PPM'),
(185, 'ARDI MUHAMMAD ZIDAN', NULL, '$2b$10$qa2lQKYJN2f9.U0Zx3.47u0f6oX.S/7tWFaU/lumOxZ/nNyutsOqi', '2001-01-01', '8', NULL, 1, 2, 1, '2200380', 1, NULL, 'SOLO', 'PPM'),
(186, 'AULIA RAHMAWATI', NULL, '$2b$10$qa2lQKYJN2f9.U0Zx3.47u0f6oX.S/7tWFaU/lumOxZ/nNyutsOqi', '2001-01-01', '8', NULL, 1, 2, 0, '2200382', 1, NULL, 'KLATEN', 'PPM'),
(188, 'BERLYANA EKA AZZAHRA', NULL, '$2b$10$qa2lQKYJN2f9.U0Zx3.47u0f6oX.S/7tWFaU/lumOxZ/nNyutsOqi', '2001-01-01', '8', NULL, 1, 2, 0, '2200385', 1, NULL, 'KLATEN', 'PPM'),
(189, 'BRILIAN SYAROFFA AZZAHRA', NULL, '$2b$10$qa2lQKYJN2f9.U0Zx3.47u0f6oX.S/7tWFaU/lumOxZ/nNyutsOqi', '2001-01-01', '8', NULL, 1, 2, 0, '2200386', 1, NULL, 'TANGERANG', 'PPM'),
(190, 'CHOIRUNISA SYIFA SABILLA', NULL, '$2b$10$qa2lQKYJN2f9.U0Zx3.47u0f6oX.S/7tWFaU/lumOxZ/nNyutsOqi', '2001-01-01', '8', NULL, 1, 1, 0, '2200387', 1, NULL, 'REMBANG', 'PPM'),
(191, 'DAFFA MAULANA ABDILLAH', NULL, '$2b$10$qa2lQKYJN2f9.U0Zx3.47u0f6oX.S/7tWFaU/lumOxZ/nNyutsOqi', '2001-01-01', '8', NULL, 1, 2, 1, '2200388', 1, NULL, 'BREBES', 'KOS LUAR'),
(192, 'DINA RAHMAWATI AYUNINGTIAS', NULL, '$2b$10$qa2lQKYJN2f9.U0Zx3.47u0f6oX.S/7tWFaU/lumOxZ/nNyutsOqi', '2001-01-01', '8', NULL, 1, 2, 0, '2200389', 1, NULL, 'SUKOHARJO', 'PPM'),
(193, 'DITTO PURAHMADANIS', NULL, '$2b$10$qa2lQKYJN2f9.U0Zx3.47u0f6oX.S/7tWFaU/lumOxZ/nNyutsOqi', '2001-01-01', '8', NULL, 1, 2, 1, '2200390', 1, NULL, 'PEKALONGAN', 'PPM'),
(194, 'DWIKA HASTIN AL HAFIDH', NULL, '$2b$10$qa2lQKYJN2f9.U0Zx3.47u0f6oX.S/7tWFaU/lumOxZ/nNyutsOqi', '2001-01-01', '8', NULL, 1, 2, 1, '2200391', 1, NULL, 'SUKOHARJO', 'PPM'),
(195, 'ELI WULANDARI', NULL, '$2b$10$qa2lQKYJN2f9.U0Zx3.47u0f6oX.S/7tWFaU/lumOxZ/nNyutsOqi', '2001-01-01', '8', NULL, 1, 2, 0, '2200392', 1, NULL, 'KLATEN', 'PPM'),
(196, 'ERLITA ASTI ALFINA', NULL, '$2b$10$qa2lQKYJN2f9.U0Zx3.47u0f6oX.S/7tWFaU/lumOxZ/nNyutsOqi', '2001-01-01', '8', NULL, 1, 2, 0, '2200393', 1, NULL, 'REMBANG', 'PPM'),
(197, 'FADLI HASTIN A', NULL, '$2b$10$qa2lQKYJN2f9.U0Zx3.47u0f6oX.S/7tWFaU/lumOxZ/nNyutsOqi', '2001-01-01', '8', NULL, 1, 2, 1, '2200394', 1, NULL, 'SUKOHARJO', 'PPM'),
(198, 'FADZLAN AHMAD FAUZI', NULL, '$2b$10$qa2lQKYJN2f9.U0Zx3.47u0f6oX.S/7tWFaU/lumOxZ/nNyutsOqi', '2001-01-01', '8', NULL, 1, 2, 1, '2200395', 1, NULL, 'KLATEN', 'PRIBUMI'),
(199, 'FAKHRI AHMAD KURNIA', NULL, '$2b$10$qa2lQKYJN2f9.U0Zx3.47u0f6oX.S/7tWFaU/lumOxZ/nNyutsOqi', '2001-01-01', '8', NULL, 1, 2, 1, '2200396', 1, NULL, 'WONOSOBO', 'PPM'),
(200, 'FESYLIA CAHYARIN AWALINA PUTRI', NULL, '$2b$10$qa2lQKYJN2f9.U0Zx3.47u0f6oX.S/7tWFaU/lumOxZ/nNyutsOqi', '2001-01-01', '8', NULL, 1, 2, 0, '2200398', 1, NULL, 'NGANJUK', 'PPM'),
(201, 'FITRI KHOMSIANA', NULL, '$2b$10$qa2lQKYJN2f9.U0Zx3.47u0f6oX.S/7tWFaU/lumOxZ/nNyutsOqi', '2001-01-01', '8', NULL, 1, 2, 0, '2200399', 1, NULL, 'MAGETAN', 'PPM'),
(202, 'GINA AZKA SALIMA', NULL, '$2b$10$qa2lQKYJN2f9.U0Zx3.47u0f6oX.S/7tWFaU/lumOxZ/nNyutsOqi', '2001-01-01', '8', NULL, 1, 2, 0, '2200400', 1, NULL, 'SUBANG', 'PPM'),
(203, 'HALIZA YOLANDA YUSTANTI', NULL, '$2b$10$qa2lQKYJN2f9.U0Zx3.47u0f6oX.S/7tWFaU/lumOxZ/nNyutsOqi', '2001-01-01', '8', NULL, 1, 2, 0, '2200401', 1, NULL, 'MADIUN', 'PPM'),
(204, 'ILMAN AFLAHA', NULL, '$2b$10$qa2lQKYJN2f9.U0Zx3.47u0f6oX.S/7tWFaU/lumOxZ/nNyutsOqi', '2001-01-01', '8', NULL, 1, 2, 1, '2200403', 1, NULL, 'TAMBUN', 'KOS LUAR'),
(205, 'INDRIANI NURRAHMAH', NULL, '$2b$10$qa2lQKYJN2f9.U0Zx3.47u0f6oX.S/7tWFaU/lumOxZ/nNyutsOqi', '2001-01-01', '8', NULL, 1, 2, 0, '2200404', 1, NULL, 'BREBES', 'PPM'),
(206, 'IRGI RIFKI MAULANA', NULL, '$2b$10$qa2lQKYJN2f9.U0Zx3.47u0f6oX.S/7tWFaU/lumOxZ/nNyutsOqi', '2001-01-01', '8', NULL, 1, 2, 1, '2200433', 1, NULL, 'INDRAMAYU', 'PPM'),
(207, 'JONATAN RAJIF SANTANU', NULL, '$2b$10$qa2lQKYJN2f9.U0Zx3.47u0f6oX.S/7tWFaU/lumOxZ/nNyutsOqi', '2001-01-01', '8', NULL, 1, 2, 1, '2200405', 1, NULL, 'KARANGANYAR', 'PPM'),
(208, 'KARISMA NISA ASSHOLU', NULL, '$2b$10$qa2lQKYJN2f9.U0Zx3.47u0f6oX.S/7tWFaU/lumOxZ/nNyutsOqi', '2001-01-01', '8', NULL, 1, 2, 0, '2200406', 1, NULL, 'KLATEN', 'PPM'),
(209, 'LABIBA NAGARA SYLVAGAMA', NULL, '$2b$10$qa2lQKYJN2f9.U0Zx3.47u0f6oX.S/7tWFaU/lumOxZ/nNyutsOqi', '2001-01-01', '8', NULL, 1, 2, 1, '2200407', 1, NULL, 'KARANGANYAR', 'PPM'),
(210, 'LULUK FITRIANI', NULL, '$2b$10$qa2lQKYJN2f9.U0Zx3.47u0f6oX.S/7tWFaU/lumOxZ/nNyutsOqi', '2001-01-01', '8', NULL, 1, 2, 0, '2200408', 1, NULL, 'PURWOREJO', 'PPM'),
(211, 'MITA AMELIA', NULL, '$2b$10$qa2lQKYJN2f9.U0Zx3.47u0f6oX.S/7tWFaU/lumOxZ/nNyutsOqi', '2001-01-01', '8', NULL, 1, 2, 0, '2200409', 1, NULL, 'JEPARA', 'PPM'),
(212, 'MUHAMAD FATKHUL YAKARIA', NULL, '$2b$10$qa2lQKYJN2f9.U0Zx3.47u0f6oX.S/7tWFaU/lumOxZ/nNyutsOqi', '2001-01-01', '8', NULL, 1, 2, 1, '2200411', 1, NULL, 'PATI', 'PPM'),
(213, 'MUSA NUR FADIIL', NULL, '$2b$10$qa2lQKYJN2f9.U0Zx3.47u0f6oX.S/7tWFaU/lumOxZ/nNyutsOqi', '2001-01-01', '8', NULL, 1, 2, 1, '2200413', 1, NULL, 'TEMANGGUNG', 'KOS LUAR'),
(214, 'NADIA SYAHRA OKTAVIANI', NULL, '$2b$10$qa2lQKYJN2f9.U0Zx3.47u0f6oX.S/7tWFaU/lumOxZ/nNyutsOqi', '2001-01-01', '8', NULL, 1, 2, 0, '2200437', 1, NULL, 'SUKABUMI', 'PRIBUMI'),
(215, 'NINDI SEIFINA ANJANI', NULL, '$2b$10$qa2lQKYJN2f9.U0Zx3.47u0f6oX.S/7tWFaU/lumOxZ/nNyutsOqi', '2001-01-01', '8', NULL, 1, 2, 0, '2200414', 1, NULL, 'BOYOLALI', 'PPM'),
(216, 'NINDYA SYIFA LUZUMA', NULL, '$2b$10$qa2lQKYJN2f9.U0Zx3.47u0f6oX.S/7tWFaU/lumOxZ/nNyutsOqi', '2001-01-01', '8', NULL, 1, 2, 0, '2200415', 1, NULL, 'BOYOLALI', 'PPM'),
(217, 'NUR AMANAH', NULL, '$2b$10$qa2lQKYJN2f9.U0Zx3.47u0f6oX.S/7tWFaU/lumOxZ/nNyutsOqi', '2001-01-01', '8', NULL, 1, 2, 0, '2200416', 1, NULL, 'PEKALONGAN', 'PPM'),
(218, 'ORCHIDA DEWINTA PURYAKASARI', NULL, '$2b$10$qa2lQKYJN2f9.U0Zx3.47u0f6oX.S/7tWFaU/lumOxZ/nNyutsOqi', '2001-01-01', '8', NULL, 1, 2, 0, '2200417', 1, NULL, 'PEKALONGAN', 'PPM'),
(219, 'QURROTU A\'YUNI IZZATI', NULL, '$2b$10$qa2lQKYJN2f9.U0Zx3.47u0f6oX.S/7tWFaU/lumOxZ/nNyutsOqi', '2001-01-01', '8', NULL, 1, 2, 0, '2200418', 1, NULL, 'PATI', 'PPM'),
(220, 'RAENA RAFA SASMITHA PUTRI', NULL, '$2b$10$qa2lQKYJN2f9.U0Zx3.47u0f6oX.S/7tWFaU/lumOxZ/nNyutsOqi', '2001-01-01', '8', NULL, 1, 2, 0, '2200419', 1, NULL, 'PEMALANG', 'PPM'),
(221, 'RAIS HANNAN RIZANTO', NULL, '$2b$10$qa2lQKYJN2f9.U0Zx3.47u0f6oX.S/7tWFaU/lumOxZ/nNyutsOqi', '2001-01-01', '8', NULL, 1, 2, 1, '2200420', 1, NULL, 'PATI', 'PPM'),
(222, 'RAMITA HIDAYAH', NULL, '$2b$10$qa2lQKYJN2f9.U0Zx3.47u0f6oX.S/7tWFaU/lumOxZ/nNyutsOqi', '2001-01-01', '8', NULL, 1, 2, 0, '2200421', 1, NULL, 'KULON PROGO', 'PPM'),
(223, 'RENGGA NUR FERDAUS', NULL, '$2b$10$qa2lQKYJN2f9.U0Zx3.47u0f6oX.S/7tWFaU/lumOxZ/nNyutsOqi', '2001-01-01', '8', NULL, 1, 2, 1, '2200422', 1, NULL, 'WONOGIRI', 'PPM'),
(224, 'RIFQA ADIB KHAIRANI', NULL, '$2b$10$qa2lQKYJN2f9.U0Zx3.47u0f6oX.S/7tWFaU/lumOxZ/nNyutsOqi', '2001-01-01', '8', NULL, 1, 2, 0, '2200436', 1, NULL, 'TEMANGGUNG', 'KOS CFC'),
(225, 'RIZMA AGUSTIN', NULL, '$2b$10$qa2lQKYJN2f9.U0Zx3.47u0f6oX.S/7tWFaU/lumOxZ/nNyutsOqi', '2001-01-01', '8', NULL, 1, 2, 0, '2200424', 1, NULL, 'KARANGANYAR', 'PPM'),
(226, 'SALISA NURFADLILLAH', NULL, '$2b$10$qa2lQKYJN2f9.U0Zx3.47u0f6oX.S/7tWFaU/lumOxZ/nNyutsOqi', '2001-01-01', '8', NULL, 1, 2, 0, '2200425', 1, NULL, 'TULUNGAGUNG', 'PPM'),
(227, 'SETYORINI', NULL, '$2b$10$qa2lQKYJN2f9.U0Zx3.47u0f6oX.S/7tWFaU/lumOxZ/nNyutsOqi', '2001-01-01', '8', NULL, 1, 2, 0, '2200427', 1, NULL, 'BOYOLALI', 'PPM'),
(228, 'TAUFIQI ZIDDAN FIARDIN', NULL, '$2b$10$qa2lQKYJN2f9.U0Zx3.47u0f6oX.S/7tWFaU/lumOxZ/nNyutsOqi', '2001-01-01', '8', NULL, 1, 1, 1, '2200428', 0, NULL, 'WONOGIRI', 'PPM'),
(229, 'UNTSA MALIKA F', NULL, '$2b$10$qa2lQKYJN2f9.U0Zx3.47u0f6oX.S/7tWFaU/lumOxZ/nNyutsOqi', '2001-01-01', '8', NULL, 1, 2, 0, '2200429', 1, NULL, 'SEMARANG', 'PRIBUMI'),
(231, 'WIDATI DYAH ARISANTI', NULL, '$2b$10$qa2lQKYJN2f9.U0Zx3.47u0f6oX.S/7tWFaU/lumOxZ/nNyutsOqi', '2001-01-01', '8', NULL, 1, 2, 0, '2200431', 1, NULL, 'PEKAN BARU', 'PPM'),
(232, 'WISNU SATRIO ADJIE', NULL, '$2b$10$qa2lQKYJN2f9.U0Zx3.47u0f6oX.S/7tWFaU/lumOxZ/nNyutsOqi', '2001-01-01', '8', NULL, 1, 2, 1, '2200432', 1, NULL, 'CILEGON', 'PPM'),
(233, 'ZULFA AULIA', NULL, '$2b$10$qa2lQKYJN2f9.U0Zx3.47u0f6oX.S/7tWFaU/lumOxZ/nNyutsOqi', '2001-01-01', '8', NULL, 1, 2, 0, '2200433', 1, NULL, 'KUDUS', 'PPM'),
(234, 'AGUSTIN NANIK ARDIYANINGSIH', NULL, '$2b$10$qa2lQKYJN2f9.U0Zx3.47u0f6oX.S/7tWFaU/lumOxZ/nNyutsOqi', '2001-01-01', '9', NULL, 1, 2, 0, '2300434', 1, NULL, 'SEMARANG SELATAN', 'PPM'),
(235, 'ARTIKA SOFIA NURDIANA', NULL, '$2b$10$qa2lQKYJN2f9.U0Zx3.47u0f6oX.S/7tWFaU/lumOxZ/nNyutsOqi', '2001-01-01', '9', NULL, 1, 2, 0, '2300435', 1, NULL, 'REMBANG', 'PPM'),
(236, 'BAGAS NUR ARDIANTO', NULL, '$2b$10$qa2lQKYJN2f9.U0Zx3.47u0f6oX.S/7tWFaU/lumOxZ/nNyutsOqi', '2001-01-01', '9', NULL, 1, 2, 1, '2300436', 1, NULL, 'PATI', 'PPM'),
(237, 'BINTANG TIMUR', NULL, '$2b$10$qa2lQKYJN2f9.U0Zx3.47u0f6oX.S/7tWFaU/lumOxZ/nNyutsOqi', '2001-01-01', '9', NULL, 1, 2, 1, '2300437', 1, NULL, 'KEBUMEN', 'PPM'),
(238, 'CAHYANI ILMAN NAFIAN ANANDITA', NULL, '$2b$10$qa2lQKYJN2f9.U0Zx3.47u0f6oX.S/7tWFaU/lumOxZ/nNyutsOqi', '2001-01-01', '9', NULL, 1, 2, 0, '2300438', 1, NULL, 'BOYOLALI', 'PPM'),
(239, 'DAFA RAIHAN SYABANI', NULL, '$2b$10$qa2lQKYJN2f9.U0Zx3.47u0f6oX.S/7tWFaU/lumOxZ/nNyutsOqi', '2001-01-01', '9', NULL, 1, 2, 1, '2300439', 1, NULL, 'SUKOHARJO', 'PPM'),
(240, 'DAFFA FACHRUL ADINATA', NULL, '$2b$10$qa2lQKYJN2f9.U0Zx3.47u0f6oX.S/7tWFaU/lumOxZ/nNyutsOqi', '2001-01-01', '9', NULL, 1, 2, 1, '2300440', 1, NULL, 'CIREBON', 'PPM'),
(241, 'DIMAS ILHAM CANDRA PURNAMA', NULL, '$2b$10$qa2lQKYJN2f9.U0Zx3.47u0f6oX.S/7tWFaU/lumOxZ/nNyutsOqi', '2001-01-01', '9', NULL, 1, 3, 1, '2300441', 1, NULL, 'PURWOREJO', 'PPM'),
(242, 'EISYAH EKO ASTUTI NUGROHO', NULL, '$2b$10$qa2lQKYJN2f9.U0Zx3.47u0f6oX.S/7tWFaU/lumOxZ/nNyutsOqi', '2001-01-01', '9', NULL, 1, 2, 0, '2300442', 1, NULL, 'SUKOHARJO', 'PPM'),
(243, 'FAHRIL FIRDAUS', NULL, '$2b$10$qa2lQKYJN2f9.U0Zx3.47u0f6oX.S/7tWFaU/lumOxZ/nNyutsOqi', '2001-01-01', '9', NULL, 1, 2, 1, '2300443', 1, NULL, 'CIAMIS', 'PPM'),
(244, 'FAJ\'RI KOMSIYAH', NULL, '$2b$10$qa2lQKYJN2f9.U0Zx3.47u0f6oX.S/7tWFaU/lumOxZ/nNyutsOqi', '2001-01-01', '9', NULL, 1, 2, 0, '2300444', 1, NULL, 'KLATEN', 'PPM'),
(245, 'FAZA NUR RAHMA AULIYA', NULL, '$2b$10$qa2lQKYJN2f9.U0Zx3.47u0f6oX.S/7tWFaU/lumOxZ/nNyutsOqi', '2001-01-01', '9', NULL, 1, 2, 0, '2300445', 1, NULL, 'KARAWANG', 'PPM'),
(246, 'FIRLI WAHYU FADLILAH', NULL, '$2b$10$qa2lQKYJN2f9.U0Zx3.47u0f6oX.S/7tWFaU/lumOxZ/nNyutsOqi', '2001-01-01', '9', NULL, 1, 2, 0, '2300446', 1, NULL, 'TEMANGGUNG', 'KOS CFC'),
(247, 'GHILMAN FAWWAS SAHLAN', NULL, '$2b$10$qa2lQKYJN2f9.U0Zx3.47u0f6oX.S/7tWFaU/lumOxZ/nNyutsOqi', '2001-01-01', '9', NULL, 1, 1, 1, '2300447', 0, NULL, 'KARAWANG', 'PPM'),
(248, 'HANIFA GILDA NARESWARI', NULL, '$2b$10$qa2lQKYJN2f9.U0Zx3.47u0f6oX.S/7tWFaU/lumOxZ/nNyutsOqi', '2001-01-01', '9', NULL, 1, 3, 0, '2300448', 1, NULL, 'SEMARANG', 'PPM'),
(249, 'HIDVICAESAR AYANGFAANA HAFIDZ', NULL, '$2b$10$qa2lQKYJN2f9.U0Zx3.47u0f6oX.S/7tWFaU/lumOxZ/nNyutsOqi', '2001-01-01', '9', NULL, 1, 2, 1, '2300450', 1, NULL, 'TANGERANG', 'PPM'),
(250, 'IBRAHIM WIDIAN SUMARNO', NULL, '$2b$10$qa2lQKYJN2f9.U0Zx3.47u0f6oX.S/7tWFaU/lumOxZ/nNyutsOqi', '2001-01-01', '9', NULL, 1, 1, 1, '2300451', 0, NULL, 'SEMARANG', 'PPM'),
(251, 'ISMI AULIA SAFRINA', NULL, '$2b$10$qa2lQKYJN2f9.U0Zx3.47u0f6oX.S/7tWFaU/lumOxZ/nNyutsOqi', '2001-01-01', '9', NULL, 1, 2, 0, '2300452', 1, NULL, 'KLATEN', 'PPM'),
(252, 'LATIZIA MUTIARA SANI', NULL, '$2b$10$qa2lQKYJN2f9.U0Zx3.47u0f6oX.S/7tWFaU/lumOxZ/nNyutsOqi', '2001-01-01', '9', NULL, 1, 3, 0, '2300453', 1, NULL, 'SRAGEN', 'PPM'),
(253, 'MAYDA RISKY AMADEA', NULL, '$2b$10$qa2lQKYJN2f9.U0Zx3.47u0f6oX.S/7tWFaU/lumOxZ/nNyutsOqi', '2001-01-01', '9', NULL, 1, 2, 1, '2300455', 1, NULL, 'SEMARANG', 'PPM'),
(254, 'MUHAMMAD AKMAL ALKHOIRI', NULL, '$2b$10$qa2lQKYJN2f9.U0Zx3.47u0f6oX.S/7tWFaU/lumOxZ/nNyutsOqi', '2001-01-01', '9', NULL, 1, 3, 1, '2300456', 1, NULL, 'SEMARANG', 'PPM'),
(255, 'MUHAMMAD FADLY EVANTO NUGROHO', NULL, '$2b$10$qa2lQKYJN2f9.U0Zx3.47u0f6oX.S/7tWFaU/lumOxZ/nNyutsOqi', '2001-01-01', '9', NULL, 1, 2, 1, '2300457', 1, NULL, 'BEKASI', 'PPM'),
(256, 'MUHAMMAD IVAN YUSRON AL UBAIDAH', NULL, '$2b$10$qa2lQKYJN2f9.U0Zx3.47u0f6oX.S/7tWFaU/lumOxZ/nNyutsOqi', '2001-01-01', '9', NULL, 1, 2, 1, '2300458', 1, NULL, 'BEKASI', 'PPM'),
(257, 'MUHAMMAD KEANE FARREL ABBAS', NULL, '$2b$10$qa2lQKYJN2f9.U0Zx3.47u0f6oX.S/7tWFaU/lumOxZ/nNyutsOqi', '2001-01-01', '9', NULL, 1, 2, 1, '2300459', 1, NULL, 'TEGAL', 'PPM'),
(258, 'MUHAMMAD NAUFAL', NULL, '$2b$10$qa2lQKYJN2f9.U0Zx3.47u0f6oX.S/7tWFaU/lumOxZ/nNyutsOqi', '2001-01-01', '9', NULL, 1, 2, 1, '2300460', 1, NULL, 'SEMARANG', 'PPM'),
(259, 'MUHAMMAD YUDHA ANUGERAH', NULL, '$2b$10$qa2lQKYJN2f9.U0Zx3.47u0f6oX.S/7tWFaU/lumOxZ/nNyutsOqi', '2001-01-01', '9', NULL, 1, 2, 1, '2300461', 1, NULL, 'BENGKULU', 'PPM'),
(260, 'NAYLA ANDINI KISSISINA', NULL, '$2b$10$qa2lQKYJN2f9.U0Zx3.47u0f6oX.S/7tWFaU/lumOxZ/nNyutsOqi', '2001-01-01', '9', NULL, 1, 2, 0, '2300462', 1, NULL, 'TANGERANG', 'PPM'),
(261, 'NIGRITA PRAMESTI', NULL, '$2b$10$qa2lQKYJN2f9.U0Zx3.47u0f6oX.S/7tWFaU/lumOxZ/nNyutsOqi', '2001-01-01', '9', NULL, 1, 2, 0, '2300463', 1, NULL, 'REMBANG', 'PPM'),
(262, 'NOVANZA EDGAR WIBOWO', NULL, '$2b$10$qa2lQKYJN2f9.U0Zx3.47u0f6oX.S/7tWFaU/lumOxZ/nNyutsOqi', '2001-01-01', '9', NULL, 1, 2, 1, '2300464', 1, NULL, 'BOYOLALI', 'PPM'),
(263, 'NUR AZZA ANJAR KUSUMA', NULL, '$2b$10$qa2lQKYJN2f9.U0Zx3.47u0f6oX.S/7tWFaU/lumOxZ/nNyutsOqi', '2001-01-01', '9', NULL, 1, 1, 0, '2300465', 1, NULL, 'KENDAL', 'PPM'),
(264, 'NUUDIYA DINA PRAMONO', NULL, '$2b$10$qa2lQKYJN2f9.U0Zx3.47u0f6oX.S/7tWFaU/lumOxZ/nNyutsOqi', '2001-01-01', '9', NULL, 1, 2, 0, '2300466', 1, NULL, 'DEMAK', 'PPM'),
(265, 'OCTIAN TRESSA ANDINI', NULL, '$2b$10$qa2lQKYJN2f9.U0Zx3.47u0f6oX.S/7tWFaU/lumOxZ/nNyutsOqi', '2001-01-01', '9', NULL, 1, 2, 0, '2300467', 1, NULL, 'SEMARANG', 'PPM'),
(266, 'RIDWAN BAIHAQI ARDANA', NULL, '$2b$10$qa2lQKYJN2f9.U0Zx3.47u0f6oX.S/7tWFaU/lumOxZ/nNyutsOqi', '2001-01-01', '9', NULL, 1, 2, 1, '2300468', 1, NULL, 'KARANGANYAR', 'PPM'),
(267, 'RIESKA FEBRIANTI AMANDA PUTRI', NULL, '$2b$10$qa2lQKYJN2f9.U0Zx3.47u0f6oX.S/7tWFaU/lumOxZ/nNyutsOqi', '2001-01-01', '9', NULL, 1, 2, 0, '2300469', 1, NULL, 'JAKARTA', 'PPM'),
(268, 'ROMI ERLIANA MAUFIROH', NULL, '$2b$10$qa2lQKYJN2f9.U0Zx3.47u0f6oX.S/7tWFaU/lumOxZ/nNyutsOqi', '2001-01-01', '9', NULL, 1, 2, 0, '2300470', 1, NULL, 'SRAGEN', 'PPM'),
(269, 'SELLA ISNAINI', NULL, '$2b$10$qa2lQKYJN2f9.U0Zx3.47u0f6oX.S/7tWFaU/lumOxZ/nNyutsOqi', '2001-01-01', '9', NULL, 1, 3, 0, '2300471', 1, NULL, 'KEBUMEN', 'PPM'),
(270, 'YUDHA NURFAZA', NULL, '$2b$10$qa2lQKYJN2f9.U0Zx3.47u0f6oX.S/7tWFaU/lumOxZ/nNyutsOqi', '2001-01-01', '9', NULL, 1, 2, 1, '2300472', 1, NULL, 'SEMARANG', 'PPM');

--
-- Indexes for dumped tables
--

--
-- Indexes for table `attendances`
--
ALTER TABLE `attendances`
  ADD PRIMARY KEY (`user_id`,`class_id`),
  ADD KEY `fk_attendance_class` (`class_id`),
  ADD KEY `attendances_FK` (`lastEditBy`);

--
-- Indexes for table `classes`
--
ALTER TABLE `classes`
  ADD PRIMARY KEY (`id`),
  ADD KEY `fk_teacher` (`teacher_id`),
  ADD KEY `classes_FK` (`type`),
  ADD KEY `year` (`start_date`),
  ADD KEY `week` (`start_date`),
  ADD KEY `hour` (`start_date`),
  ADD KEY `idx_start_date` (`start_date`),
  ADD KEY `fk_manager` (`manager_id`);

--
-- Indexes for table `class_types`
--
ALTER TABLE `class_types`
  ADD PRIMARY KEY (`id`);

--
-- Indexes for table `leave_permits`
--
ALTER TABLE `leave_permits`
  ADD PRIMARY KEY (`user_id`,`class_id`),
  ADD KEY `idx_leave_permits` (`user_id`),
  ADD KEY `idx_leave_permits_class` (`class_id`);

--
-- Indexes for table `roles`
--
ALTER TABLE `roles`
  ADD PRIMARY KEY (`id`);

--
-- Indexes for table `users`
--
ALTER TABLE `users`
  ADD PRIMARY KEY (`id`),
  ADD UNIQUE KEY `name` (`name`),
  ADD UNIQUE KEY `card_id` (`card_id`),
  ADD KEY `id` (`id`),
  ADD KEY `users_FK` (`class_type`),
  ADD KEY `users_FK_1` (`role`);

--
-- AUTO_INCREMENT for dumped tables
--

--
-- AUTO_INCREMENT for table `classes`
--
ALTER TABLE `classes`
  MODIFY `id` int(10) UNSIGNED NOT NULL AUTO_INCREMENT, AUTO_INCREMENT=216;

--
-- AUTO_INCREMENT for table `class_types`
--
ALTER TABLE `class_types`
  MODIFY `id` int(10) UNSIGNED NOT NULL AUTO_INCREMENT, AUTO_INCREMENT=6;

--
-- AUTO_INCREMENT for table `roles`
--
ALTER TABLE `roles`
  MODIFY `id` int(10) UNSIGNED NOT NULL AUTO_INCREMENT, AUTO_INCREMENT=4;

--
-- AUTO_INCREMENT for table `users`
--
ALTER TABLE `users`
  MODIFY `id` int(10) UNSIGNED NOT NULL AUTO_INCREMENT, AUTO_INCREMENT=273;

--
-- Constraints for dumped tables
--

--
-- Constraints for table `attendances`
--
ALTER TABLE `attendances`
  ADD CONSTRAINT `attendances_FK` FOREIGN KEY (`lastEditBy`) REFERENCES `users` (`id`) ON DELETE SET NULL ON UPDATE CASCADE,
  ADD CONSTRAINT `fk_attendance_class` FOREIGN KEY (`class_id`) REFERENCES `classes` (`id`) ON DELETE CASCADE ON UPDATE CASCADE,
  ADD CONSTRAINT `fk_attendance_user` FOREIGN KEY (`user_id`) REFERENCES `users` (`id`) ON DELETE CASCADE ON UPDATE CASCADE;

--
-- Constraints for table `classes`
--
ALTER TABLE `classes`
  ADD CONSTRAINT `classes_FK` FOREIGN KEY (`type`) REFERENCES `class_types` (`id`) ON DELETE SET NULL ON UPDATE CASCADE,
  ADD CONSTRAINT `fk_manager` FOREIGN KEY (`manager_id`) REFERENCES `users` (`id`) ON DELETE SET NULL ON UPDATE CASCADE;

--
-- Constraints for table `leave_permits`
--
ALTER TABLE `leave_permits`
  ADD CONSTRAINT `fk_leave_class` FOREIGN KEY (`class_id`) REFERENCES `classes` (`id`),
  ADD CONSTRAINT `fk_leave_user` FOREIGN KEY (`user_id`) REFERENCES `users` (`id`) ON DELETE CASCADE ON UPDATE CASCADE;

--
-- Constraints for table `users`
--
ALTER TABLE `users`
  ADD CONSTRAINT `users_FK` FOREIGN KEY (`class_type`) REFERENCES `class_types` (`id`) ON DELETE SET NULL ON UPDATE CASCADE,
  ADD CONSTRAINT `users_FK_1` FOREIGN KEY (`role`) REFERENCES `roles` (`id`) ON DELETE SET NULL ON UPDATE CASCADE;
COMMIT;

/*!40101 SET CHARACTER_SET_CLIENT=@OLD_CHARACTER_SET_CLIENT */;
/*!40101 SET CHARACTER_SET_RESULTS=@OLD_CHARACTER_SET_RESULTS */;
/*!40101 SET COLLATION_CONNECTION=@OLD_COLLATION_CONNECTION */;
