-- phpMyAdmin SQL Dump
-- version 5.2.1
-- https://www.phpmyadmin.net/
--
-- Host: 127.0.0.1
-- Generation Time: Apr 03, 2024 at 10:41 AM
-- Server version: 10.4.28-MariaDB
-- PHP Version: 8.2.4

SET SQL_MODE = "NO_AUTO_VALUE_ON_ZERO";
START TRANSACTION;
SET time_zone = "+00:00";


/*!40101 SET @OLD_CHARACTER_SET_CLIENT=@@CHARACTER_SET_CLIENT */;
/*!40101 SET @OLD_CHARACTER_SET_RESULTS=@@CHARACTER_SET_RESULTS */;
/*!40101 SET @OLD_COLLATION_CONNECTION=@@COLLATION_CONNECTION */;
/*!40101 SET NAMES utf8mb4 */;

--
-- Database: `si_elit`
--

-- --------------------------------------------------------

--
-- Table structure for table `attendances`
--

CREATE TABLE `attendances` (
  `user_id` int(10) UNSIGNED NOT NULL,
  `class_id` int(10) UNSIGNED NOT NULL,
  `attend_at` datetime DEFAULT NULL,
  `status` varchar(24) DEFAULT NULL,
  `lastEditBy` int(10) UNSIGNED DEFAULT NULL
) ENGINE=InnoDB DEFAULT CHARSET=utf8mb4 COLLATE=utf8mb4_general_ci;

--
-- Dumping data for table `attendances`
--

INSERT INTO `attendances` (`user_id`, `class_id`, `attend_at`, `status`, `lastEditBy`) VALUES
(109, 217, '2024-01-08 23:22:08', 'hadir', 6),
(109, 218, '2024-01-10 21:30:55', 'hadir', 20),
(109, 226, '2024-01-12 19:55:24', 'terlambat', 109),
(109, 228, '2024-01-15 21:14:40', 'hadir', 6),
(109, 230, NULL, NULL, NULL),
(109, 231, '2024-03-14 05:09:08', 'hadir', 6),
(109, 232, NULL, NULL, NULL),
(113, 226, NULL, NULL, NULL),
(113, 228, NULL, NULL, NULL),
(113, 230, NULL, NULL, NULL),
(113, 231, '2024-03-14 05:09:12', 'izin', 6),
(113, 232, NULL, NULL, NULL),
(114, 226, NULL, NULL, NULL),
(114, 228, NULL, NULL, NULL),
(114, 230, NULL, NULL, NULL),
(114, 231, NULL, NULL, NULL),
(114, 232, NULL, NULL, NULL),
(115, 226, '2024-01-12 21:50:46', 'hadir', 6),
(115, 228, NULL, NULL, NULL),
(115, 230, NULL, NULL, NULL),
(115, 231, NULL, NULL, 6),
(115, 232, NULL, NULL, NULL),
(116, 226, NULL, NULL, NULL),
(116, 228, NULL, NULL, NULL),
(116, 230, NULL, NULL, NULL),
(116, 231, NULL, NULL, NULL),
(116, 232, NULL, NULL, NULL),
(117, 226, '2024-01-12 21:50:42', 'hadir', 6),
(117, 228, NULL, NULL, NULL),
(117, 230, NULL, NULL, NULL),
(117, 231, NULL, NULL, NULL),
(117, 232, NULL, NULL, NULL),
(119, 226, NULL, NULL, NULL),
(119, 228, NULL, NULL, NULL),
(119, 230, NULL, NULL, NULL),
(119, 231, NULL, NULL, NULL),
(119, 232, NULL, NULL, NULL),
(120, 226, NULL, NULL, NULL),
(120, 228, NULL, NULL, NULL),
(120, 230, NULL, NULL, NULL),
(120, 231, NULL, NULL, NULL),
(120, 232, NULL, NULL, NULL),
(121, 226, NULL, NULL, NULL),
(121, 228, NULL, NULL, NULL),
(121, 230, NULL, NULL, NULL),
(121, 231, NULL, NULL, NULL),
(121, 232, NULL, NULL, NULL),
(122, 226, NULL, NULL, NULL),
(122, 228, NULL, NULL, NULL),
(122, 230, NULL, NULL, NULL),
(122, 231, NULL, NULL, NULL),
(122, 232, NULL, NULL, NULL),
(123, 226, NULL, NULL, NULL),
(123, 228, NULL, NULL, NULL),
(123, 230, NULL, NULL, NULL),
(123, 231, NULL, NULL, NULL),
(123, 232, NULL, NULL, NULL),
(124, 226, '2024-01-12 21:50:52', 'hadir', 6),
(124, 228, NULL, NULL, NULL),
(124, 230, NULL, NULL, NULL),
(124, 231, NULL, NULL, NULL),
(124, 232, NULL, NULL, NULL),
(125, 226, NULL, NULL, NULL),
(125, 228, NULL, NULL, NULL),
(125, 230, NULL, NULL, NULL),
(125, 231, NULL, NULL, NULL),
(125, 232, NULL, NULL, NULL),
(128, 226, NULL, NULL, NULL),
(128, 228, NULL, NULL, NULL),
(128, 230, NULL, NULL, NULL),
(128, 231, NULL, NULL, NULL),
(128, 232, NULL, NULL, NULL),
(129, 226, NULL, NULL, NULL),
(129, 228, NULL, NULL, NULL),
(129, 230, NULL, NULL, NULL),
(129, 231, NULL, NULL, NULL),
(129, 232, NULL, NULL, NULL),
(130, 226, NULL, NULL, NULL),
(130, 228, NULL, NULL, NULL),
(130, 230, NULL, NULL, NULL),
(130, 231, NULL, NULL, NULL),
(130, 232, NULL, NULL, NULL),
(131, 226, NULL, NULL, NULL),
(131, 228, NULL, NULL, NULL),
(131, 230, NULL, NULL, NULL),
(131, 231, NULL, NULL, NULL),
(131, 232, NULL, NULL, NULL),
(132, 226, NULL, NULL, NULL),
(132, 228, NULL, NULL, NULL),
(132, 230, NULL, NULL, NULL),
(132, 231, NULL, NULL, NULL),
(132, 232, NULL, NULL, NULL),
(133, 218, '2024-01-10 21:40:33', 'hadir', 20),
(133, 226, '2024-01-12 19:49:28', 'terlambat', 133),
(133, 228, '2024-01-15 21:11:03', 'terlambat', 133),
(133, 230, NULL, NULL, NULL),
(133, 231, NULL, NULL, NULL),
(133, 232, NULL, NULL, NULL),
(134, 226, NULL, NULL, NULL),
(134, 228, NULL, NULL, NULL),
(134, 230, NULL, NULL, NULL),
(134, 231, NULL, NULL, NULL),
(134, 232, NULL, NULL, NULL),
(135, 226, NULL, NULL, NULL),
(135, 228, NULL, NULL, NULL),
(135, 230, NULL, NULL, NULL),
(135, 231, NULL, NULL, NULL),
(135, 232, NULL, NULL, NULL),
(136, 226, NULL, NULL, NULL),
(136, 228, NULL, NULL, NULL),
(136, 230, NULL, NULL, NULL),
(136, 231, NULL, NULL, NULL),
(136, 232, NULL, NULL, NULL),
(137, 226, NULL, NULL, NULL),
(137, 228, NULL, NULL, NULL),
(137, 230, NULL, NULL, NULL),
(137, 231, NULL, NULL, NULL),
(137, 232, NULL, NULL, NULL),
(138, 226, NULL, NULL, NULL),
(138, 228, NULL, NULL, NULL),
(138, 230, NULL, NULL, NULL),
(138, 231, NULL, NULL, NULL),
(138, 232, NULL, NULL, NULL),
(139, 226, NULL, NULL, NULL),
(139, 228, NULL, NULL, NULL),
(139, 230, NULL, NULL, NULL),
(139, 231, NULL, NULL, NULL),
(139, 232, NULL, NULL, NULL),
(140, 226, NULL, NULL, NULL),
(140, 228, NULL, NULL, NULL),
(140, 230, NULL, NULL, NULL),
(140, 231, NULL, NULL, NULL),
(140, 232, NULL, NULL, NULL),
(141, 226, NULL, NULL, NULL),
(141, 228, NULL, NULL, NULL),
(141, 230, NULL, NULL, NULL),
(141, 231, NULL, NULL, NULL),
(141, 232, NULL, NULL, NULL),
(142, 217, '2024-01-08 19:49:07', 'hadir', 142),
(142, 218, '2024-01-10 19:57:23', 'hadir', 142),
(142, 226, '2024-01-11 22:59:17', 'izin', 6),
(142, 228, '2024-01-15 19:58:01', 'hadir', 142),
(142, 230, '2024-01-19 19:56:57', 'hadir', 142),
(142, 231, '2024-01-22 21:21:31', 'hadir', 6),
(142, 232, NULL, NULL, NULL),
(143, 226, NULL, NULL, NULL),
(143, 228, NULL, NULL, NULL),
(143, 230, NULL, NULL, NULL),
(143, 231, NULL, NULL, NULL),
(143, 232, NULL, NULL, NULL),
(144, 226, NULL, NULL, NULL),
(144, 228, NULL, NULL, NULL),
(144, 230, NULL, NULL, NULL),
(144, 231, NULL, NULL, NULL),
(144, 232, NULL, NULL, NULL),
(145, 226, NULL, NULL, NULL),
(145, 228, NULL, NULL, NULL),
(145, 230, NULL, NULL, NULL),
(145, 231, NULL, NULL, NULL),
(145, 232, NULL, NULL, NULL),
(146, 226, NULL, NULL, NULL),
(146, 228, NULL, NULL, NULL),
(146, 230, NULL, NULL, NULL),
(146, 231, NULL, NULL, NULL),
(146, 232, NULL, NULL, NULL),
(147, 226, NULL, NULL, NULL),
(147, 228, NULL, NULL, NULL),
(147, 230, NULL, NULL, NULL),
(147, 231, NULL, NULL, NULL),
(147, 232, NULL, NULL, NULL),
(148, 226, '2024-01-15 22:40:18', 'hadir', 6),
(148, 228, '2024-01-15 22:40:12', 'hadir', 6),
(148, 230, NULL, NULL, NULL),
(148, 231, NULL, NULL, NULL),
(148, 232, NULL, NULL, NULL),
(149, 226, NULL, NULL, NULL),
(149, 228, NULL, NULL, NULL),
(149, 230, NULL, NULL, NULL),
(149, 231, NULL, NULL, NULL),
(149, 232, NULL, NULL, NULL),
(150, 226, NULL, NULL, NULL),
(150, 228, NULL, NULL, NULL),
(150, 230, NULL, NULL, NULL),
(150, 231, NULL, NULL, NULL),
(150, 232, NULL, NULL, NULL),
(151, 226, NULL, NULL, NULL),
(151, 228, NULL, NULL, NULL),
(151, 230, NULL, NULL, NULL),
(151, 231, NULL, NULL, NULL),
(151, 232, NULL, NULL, NULL),
(152, 218, '2024-01-10 20:21:44', 'terlambat', 152),
(152, 226, '2024-01-12 19:56:51', 'terlambat', 152),
(152, 228, NULL, NULL, NULL),
(152, 230, NULL, NULL, NULL),
(152, 231, NULL, NULL, NULL),
(152, 232, NULL, NULL, NULL),
(153, 226, NULL, NULL, NULL),
(153, 228, NULL, NULL, NULL),
(153, 230, NULL, NULL, NULL),
(153, 231, NULL, NULL, NULL),
(153, 232, NULL, NULL, NULL),
(154, 226, NULL, NULL, NULL),
(154, 228, NULL, NULL, NULL),
(154, 230, NULL, NULL, NULL),
(154, 231, NULL, NULL, NULL),
(154, 232, NULL, NULL, NULL),
(155, 217, '2024-01-08 19:59:12', 'terlambat', 155),
(155, 218, '2024-01-10 19:58:06', 'hadir', 155),
(155, 226, '2024-01-12 19:55:33', 'terlambat', 155),
(155, 228, NULL, NULL, NULL),
(155, 230, '2024-01-19 20:26:03', 'terlambat', 155),
(155, 231, '2024-01-22 21:21:41', 'hadir', 6),
(155, 232, NULL, NULL, NULL),
(156, 217, '2024-01-08 20:05:18', 'terlambat', 156),
(156, 218, '2024-01-10 21:30:38', 'hadir', 20),
(156, 226, '2024-01-12 20:02:13', 'terlambat', 156),
(156, 228, NULL, NULL, NULL),
(156, 230, NULL, NULL, NULL),
(156, 231, '2024-01-22 21:21:43', 'hadir', 6),
(156, 232, NULL, NULL, NULL),
(157, 226, NULL, NULL, NULL),
(157, 228, NULL, NULL, NULL),
(157, 230, NULL, NULL, NULL),
(157, 231, NULL, NULL, NULL),
(157, 232, NULL, NULL, NULL),
(158, 226, NULL, NULL, NULL),
(158, 228, NULL, NULL, NULL),
(158, 230, NULL, NULL, NULL),
(158, 231, NULL, NULL, NULL),
(158, 232, NULL, NULL, NULL),
(159, 218, '2024-01-11 22:36:33', 'hadir', 6),
(159, 226, NULL, NULL, NULL),
(159, 228, NULL, NULL, NULL),
(159, 230, NULL, NULL, NULL),
(159, 231, NULL, NULL, NULL),
(159, 232, NULL, NULL, NULL),
(160, 226, '2024-01-12 21:50:27', 'hadir', 6),
(160, 228, '2024-01-15 19:58:08', 'hadir', 160),
(160, 230, NULL, NULL, NULL),
(160, 231, NULL, NULL, NULL),
(160, 232, NULL, NULL, NULL),
(162, 226, NULL, NULL, NULL),
(162, 228, NULL, NULL, NULL),
(162, 230, NULL, NULL, NULL),
(162, 231, NULL, NULL, NULL),
(162, 232, NULL, NULL, NULL),
(163, 218, '2024-01-10 21:30:47', 'hadir', 20),
(163, 226, NULL, NULL, NULL),
(163, 228, '2024-01-15 21:14:49', 'hadir', 6),
(163, 230, NULL, NULL, NULL),
(163, 231, '2024-01-22 21:21:47', 'hadir', 6),
(163, 232, NULL, NULL, NULL),
(164, 218, '2024-01-10 19:58:32', 'hadir', 164),
(164, 226, '2024-01-12 19:55:41', 'terlambat', 164),
(164, 228, NULL, NULL, NULL),
(164, 230, NULL, NULL, NULL),
(164, 231, NULL, NULL, NULL),
(164, 232, NULL, NULL, NULL),
(165, 217, '2024-01-08 19:22:26', 'izin', 6),
(165, 226, NULL, NULL, NULL),
(165, 228, '2024-01-15 21:14:33', 'hadir', 6),
(165, 230, NULL, NULL, NULL),
(165, 231, NULL, NULL, NULL),
(165, 232, NULL, NULL, NULL),
(166, 226, NULL, NULL, NULL),
(166, 228, NULL, NULL, NULL),
(166, 230, NULL, NULL, NULL),
(166, 231, '2024-01-22 21:21:52', 'hadir', 6),
(166, 232, NULL, NULL, NULL),
(167, 226, '2024-01-12 21:51:06', 'hadir', 6),
(167, 228, '2024-01-15 21:11:19', 'terlambat', 167),
(167, 230, NULL, NULL, NULL),
(167, 231, NULL, NULL, NULL),
(167, 232, NULL, NULL, NULL),
(168, 226, NULL, NULL, NULL),
(168, 228, NULL, NULL, NULL),
(168, 230, NULL, NULL, NULL),
(168, 231, NULL, NULL, NULL),
(168, 232, NULL, NULL, NULL),
(169, 226, NULL, NULL, NULL),
(169, 228, NULL, NULL, NULL),
(169, 230, NULL, NULL, NULL),
(169, 231, NULL, NULL, NULL),
(169, 232, NULL, NULL, NULL),
(170, 226, NULL, NULL, NULL),
(170, 228, NULL, NULL, NULL),
(170, 230, NULL, NULL, NULL),
(170, 231, NULL, NULL, NULL),
(170, 232, NULL, NULL, NULL),
(171, 226, NULL, NULL, NULL),
(171, 228, '2024-01-15 22:42:32', 'hadir', 6),
(171, 230, NULL, NULL, NULL),
(171, 231, NULL, NULL, NULL),
(171, 232, NULL, NULL, NULL),
(172, 226, NULL, NULL, NULL),
(172, 228, NULL, NULL, NULL),
(172, 230, NULL, NULL, NULL),
(172, 231, NULL, NULL, NULL),
(172, 232, NULL, NULL, NULL),
(173, 217, '2024-01-10 19:24:21', 'hadir', 20),
(173, 226, NULL, NULL, NULL),
(173, 228, NULL, NULL, NULL),
(173, 230, NULL, NULL, NULL),
(173, 231, NULL, NULL, NULL),
(173, 232, NULL, NULL, NULL),
(174, 226, NULL, NULL, NULL),
(174, 228, '2024-01-15 22:43:20', 'hadir', 6),
(174, 230, NULL, NULL, NULL),
(174, 231, NULL, NULL, NULL),
(174, 232, NULL, NULL, NULL),
(175, 226, NULL, NULL, NULL),
(175, 228, NULL, NULL, NULL),
(175, 230, NULL, NULL, NULL),
(175, 231, NULL, NULL, NULL),
(175, 232, NULL, NULL, NULL),
(176, 226, '2024-01-12 20:02:51', 'terlambat', 176),
(176, 228, NULL, NULL, NULL),
(176, 230, NULL, NULL, NULL),
(176, 231, NULL, NULL, NULL),
(176, 232, NULL, NULL, NULL),
(177, 226, NULL, NULL, NULL),
(177, 228, NULL, NULL, NULL),
(177, 230, NULL, NULL, NULL),
(177, 231, NULL, NULL, NULL),
(177, 232, NULL, NULL, NULL),
(178, 226, NULL, NULL, NULL),
(178, 228, NULL, NULL, NULL),
(178, 230, NULL, NULL, NULL),
(178, 231, NULL, NULL, NULL),
(178, 232, NULL, NULL, NULL),
(179, 226, NULL, NULL, NULL),
(179, 228, NULL, NULL, NULL),
(179, 230, NULL, NULL, NULL),
(179, 231, NULL, NULL, NULL),
(179, 232, '2024-03-04 15:19:56', 'hadir', 142),
(180, 226, NULL, NULL, NULL),
(180, 228, NULL, NULL, NULL),
(180, 230, NULL, NULL, NULL),
(180, 231, NULL, NULL, NULL),
(180, 232, NULL, NULL, NULL),
(181, 226, NULL, NULL, NULL),
(181, 228, '2024-01-15 22:43:46', 'hadir', 6),
(181, 230, NULL, NULL, NULL),
(181, 231, NULL, NULL, NULL),
(181, 232, NULL, NULL, NULL),
(182, 226, NULL, NULL, NULL),
(182, 228, NULL, NULL, NULL),
(182, 230, NULL, NULL, NULL),
(182, 231, NULL, NULL, NULL),
(182, 232, NULL, NULL, NULL),
(183, 226, NULL, NULL, NULL),
(183, 228, NULL, NULL, NULL),
(183, 230, NULL, NULL, NULL),
(183, 231, NULL, NULL, NULL),
(183, 232, NULL, NULL, NULL),
(184, 217, '2024-01-08 19:48:47', 'hadir', 184),
(184, 218, '2024-01-10 19:51:53', 'terlambat', 184),
(184, 226, '2024-01-12 19:54:18', 'terlambat', 184),
(184, 228, '2024-01-15 20:05:52', 'hadir', 184),
(184, 230, '2024-01-19 20:00:23', 'hadir', 184),
(184, 231, NULL, NULL, NULL),
(184, 232, NULL, NULL, NULL),
(185, 226, NULL, NULL, NULL),
(185, 228, '2024-01-15 21:14:42', 'hadir', 6),
(185, 230, '2024-01-19 20:46:56', 'terlambat', 185),
(185, 231, '2024-01-22 21:22:09', 'hadir', 6),
(185, 232, NULL, NULL, NULL),
(186, 226, NULL, NULL, NULL),
(186, 228, NULL, NULL, NULL),
(186, 230, NULL, NULL, NULL),
(186, 231, NULL, NULL, NULL),
(186, 232, NULL, NULL, NULL),
(188, 226, NULL, NULL, NULL),
(188, 228, NULL, NULL, NULL),
(188, 230, NULL, NULL, NULL),
(188, 231, NULL, NULL, NULL),
(188, 232, NULL, NULL, NULL),
(189, 217, '2024-01-08 22:47:09', 'izin', 6),
(189, 218, '2024-01-10 21:26:56', 'hadir', 6),
(189, 226, NULL, NULL, NULL),
(189, 228, NULL, NULL, NULL),
(189, 230, NULL, NULL, NULL),
(189, 231, NULL, NULL, NULL),
(189, 232, NULL, NULL, NULL),
(190, 226, NULL, NULL, NULL),
(190, 228, '2024-01-15 22:43:56', 'hadir', 6),
(190, 230, NULL, NULL, NULL),
(190, 231, NULL, NULL, NULL),
(190, 232, NULL, NULL, NULL),
(191, 226, NULL, NULL, NULL),
(191, 228, NULL, NULL, NULL),
(191, 230, NULL, NULL, NULL),
(191, 231, NULL, NULL, NULL),
(191, 232, NULL, NULL, NULL),
(192, 226, NULL, NULL, NULL),
(192, 228, NULL, NULL, NULL),
(192, 230, NULL, NULL, NULL),
(192, 231, NULL, NULL, NULL),
(192, 232, NULL, NULL, NULL),
(193, 217, '2024-01-08 20:05:56', 'terlambat', 193),
(193, 226, '2024-01-12 20:06:09', 'terlambat', 193),
(193, 228, NULL, NULL, NULL),
(193, 230, NULL, NULL, NULL),
(193, 231, NULL, NULL, NULL),
(193, 232, NULL, NULL, NULL),
(194, 226, NULL, NULL, NULL),
(194, 228, NULL, NULL, NULL),
(194, 230, NULL, NULL, NULL),
(194, 231, NULL, NULL, NULL),
(194, 232, NULL, NULL, NULL),
(195, 226, NULL, NULL, NULL),
(195, 228, NULL, NULL, NULL),
(195, 230, NULL, NULL, NULL),
(195, 231, NULL, NULL, NULL),
(195, 232, NULL, NULL, NULL),
(196, 218, '2024-01-10 20:16:51', 'terlambat', 196),
(196, 226, '2024-01-12 20:06:18', 'terlambat', 196),
(196, 228, NULL, NULL, NULL),
(196, 230, NULL, NULL, NULL),
(196, 231, NULL, NULL, NULL),
(196, 232, NULL, NULL, NULL),
(197, 217, '2024-01-08 20:06:15', 'terlambat', 197),
(197, 218, '2024-01-10 19:52:36', 'hadir', 197),
(197, 226, '2024-01-12 20:06:18', 'terlambat', 197),
(197, 228, NULL, NULL, NULL),
(197, 230, NULL, NULL, NULL),
(197, 231, NULL, NULL, NULL),
(197, 232, NULL, NULL, NULL),
(198, 217, '2024-01-08 21:30:25', 'hadir', 6),
(198, 226, NULL, NULL, NULL),
(198, 228, NULL, NULL, NULL),
(198, 230, NULL, NULL, NULL),
(198, 231, NULL, NULL, NULL),
(198, 232, NULL, NULL, NULL),
(199, 226, NULL, NULL, NULL),
(199, 228, NULL, NULL, NULL),
(199, 230, NULL, NULL, NULL),
(199, 231, NULL, NULL, NULL),
(199, 232, NULL, NULL, NULL),
(200, 226, NULL, NULL, NULL),
(200, 228, NULL, NULL, NULL),
(200, 230, NULL, NULL, NULL),
(200, 231, NULL, NULL, NULL),
(200, 232, NULL, NULL, NULL),
(201, 226, NULL, NULL, NULL),
(201, 228, NULL, NULL, NULL),
(201, 230, NULL, NULL, NULL),
(201, 231, NULL, NULL, NULL),
(201, 232, NULL, NULL, NULL),
(202, 226, NULL, NULL, NULL),
(202, 228, NULL, NULL, NULL),
(202, 230, NULL, NULL, NULL),
(202, 231, NULL, NULL, NULL),
(202, 232, NULL, NULL, NULL),
(203, 226, NULL, NULL, NULL),
(203, 228, NULL, NULL, NULL),
(203, 230, NULL, NULL, NULL),
(203, 231, NULL, NULL, NULL),
(203, 232, NULL, NULL, NULL),
(204, 226, NULL, NULL, NULL),
(204, 228, NULL, NULL, NULL),
(204, 230, NULL, NULL, NULL),
(204, 231, NULL, NULL, NULL),
(204, 232, NULL, NULL, NULL),
(205, 226, NULL, NULL, NULL),
(205, 228, NULL, NULL, NULL),
(205, 230, NULL, NULL, NULL),
(205, 231, NULL, NULL, NULL),
(205, 232, NULL, NULL, NULL),
(206, 217, '2024-01-08 20:10:45', 'terlambat', 206),
(206, 226, '2024-01-12 20:00:30', 'terlambat', 206),
(206, 228, NULL, NULL, NULL),
(206, 230, NULL, NULL, NULL),
(206, 231, '2024-01-22 21:22:25', 'hadir', 6),
(206, 232, NULL, NULL, NULL),
(207, 226, NULL, NULL, NULL),
(207, 228, '2024-01-15 21:15:27', 'hadir', 6),
(207, 230, NULL, NULL, NULL),
(207, 231, NULL, NULL, NULL),
(207, 232, NULL, NULL, NULL),
(208, 226, '2024-01-12 20:00:34', 'terlambat', 208),
(208, 228, NULL, NULL, NULL),
(208, 230, NULL, NULL, NULL),
(208, 231, NULL, NULL, NULL),
(208, 232, NULL, NULL, NULL),
(209, 226, NULL, NULL, NULL),
(209, 228, NULL, NULL, NULL),
(209, 230, NULL, NULL, NULL),
(209, 231, NULL, NULL, NULL),
(209, 232, NULL, NULL, NULL),
(210, 226, NULL, NULL, NULL),
(210, 228, NULL, NULL, NULL),
(210, 230, NULL, NULL, NULL),
(210, 231, NULL, NULL, NULL),
(210, 232, NULL, NULL, NULL),
(211, 218, '2024-01-10 20:00:16', 'terlambat', 211),
(211, 226, NULL, NULL, NULL),
(211, 228, NULL, NULL, NULL),
(211, 230, '2024-01-19 20:05:52', 'terlambat', 211),
(211, 231, NULL, NULL, NULL),
(211, 232, NULL, NULL, NULL),
(212, 226, NULL, NULL, NULL),
(212, 228, NULL, NULL, NULL),
(212, 230, NULL, NULL, NULL),
(212, 231, NULL, NULL, NULL),
(212, 232, NULL, NULL, NULL),
(213, 226, NULL, NULL, NULL),
(213, 228, NULL, NULL, NULL),
(213, 230, NULL, NULL, NULL),
(213, 231, NULL, NULL, NULL),
(213, 232, NULL, NULL, NULL),
(214, 226, NULL, NULL, NULL),
(214, 228, '2024-01-15 22:38:43', 'hadir', 6),
(214, 230, NULL, NULL, NULL),
(214, 231, NULL, NULL, NULL),
(214, 232, NULL, NULL, NULL),
(215, 226, NULL, NULL, NULL),
(215, 228, '2024-01-15 22:42:42', 'hadir', 6),
(215, 230, NULL, NULL, NULL),
(215, 231, NULL, NULL, NULL),
(215, 232, NULL, NULL, NULL),
(216, 226, NULL, NULL, NULL),
(216, 228, NULL, NULL, NULL),
(216, 230, NULL, NULL, NULL),
(216, 231, NULL, NULL, NULL),
(216, 232, NULL, NULL, NULL),
(217, 226, NULL, NULL, NULL),
(217, 228, NULL, NULL, NULL),
(217, 230, NULL, NULL, NULL),
(217, 231, NULL, NULL, NULL),
(217, 232, NULL, NULL, NULL),
(218, 218, '2024-01-10 20:01:26', 'terlambat', 218),
(218, 226, '2024-01-12 19:59:59', 'terlambat', 218),
(218, 228, NULL, NULL, NULL),
(218, 230, NULL, NULL, NULL),
(218, 231, NULL, NULL, NULL),
(218, 232, NULL, NULL, NULL),
(219, 217, '2024-01-08 19:54:13', 'hadir', 219),
(219, 218, '2024-01-10 20:01:33', 'terlambat', 219),
(219, 226, '2024-01-12 20:00:15', 'terlambat', 219),
(219, 228, NULL, NULL, NULL),
(219, 230, NULL, NULL, NULL),
(219, 231, NULL, NULL, NULL),
(219, 232, NULL, NULL, NULL),
(220, 226, NULL, NULL, NULL),
(220, 228, NULL, NULL, NULL),
(220, 230, NULL, NULL, NULL),
(220, 231, NULL, NULL, NULL),
(220, 232, NULL, NULL, NULL),
(221, 226, '2024-01-12 21:52:39', 'hadir', 6),
(221, 228, NULL, NULL, NULL),
(221, 230, NULL, NULL, NULL),
(221, 231, NULL, NULL, NULL),
(221, 232, NULL, NULL, NULL),
(222, 217, '2024-01-08 19:48:39', 'hadir', 222),
(222, 218, '2024-01-10 19:51:32', 'terlambat', 222),
(222, 226, '2024-01-12 19:54:34', 'terlambat', 222),
(222, 228, NULL, NULL, NULL),
(222, 230, NULL, NULL, NULL),
(222, 231, NULL, NULL, NULL),
(222, 232, NULL, NULL, NULL),
(223, 226, NULL, NULL, NULL),
(223, 228, NULL, NULL, NULL),
(223, 230, NULL, NULL, NULL),
(223, 231, NULL, NULL, NULL),
(223, 232, NULL, NULL, NULL),
(224, 226, NULL, NULL, NULL),
(224, 228, NULL, NULL, NULL),
(224, 230, NULL, NULL, NULL),
(224, 231, NULL, NULL, NULL),
(224, 232, NULL, NULL, NULL),
(225, 226, NULL, NULL, NULL),
(225, 228, NULL, NULL, NULL),
(225, 230, NULL, NULL, NULL),
(225, 231, NULL, NULL, NULL),
(225, 232, NULL, NULL, NULL),
(226, 217, '2024-01-08 20:28:05', 'terlambat', 226),
(226, 218, '2024-01-10 19:58:02', 'hadir', 226),
(226, 226, '2024-01-12 19:53:46', 'terlambat', 226),
(226, 228, NULL, NULL, NULL),
(226, 230, NULL, NULL, NULL),
(226, 231, NULL, NULL, NULL),
(226, 232, NULL, NULL, NULL),
(227, 226, NULL, NULL, NULL),
(227, 228, NULL, NULL, NULL),
(227, 230, NULL, NULL, NULL),
(227, 231, NULL, NULL, NULL),
(227, 232, NULL, NULL, NULL),
(228, 226, NULL, NULL, NULL),
(228, 228, NULL, NULL, NULL),
(228, 230, NULL, NULL, NULL),
(228, 231, '2024-01-22 21:22:37', 'hadir', 6),
(228, 232, NULL, NULL, NULL),
(229, 226, NULL, NULL, NULL),
(229, 228, NULL, NULL, NULL),
(229, 230, NULL, NULL, NULL),
(229, 231, NULL, NULL, NULL),
(229, 232, NULL, NULL, NULL),
(231, 226, NULL, NULL, NULL),
(231, 228, NULL, NULL, NULL),
(231, 230, NULL, NULL, NULL),
(231, 231, NULL, NULL, NULL),
(231, 232, NULL, NULL, NULL),
(232, 226, NULL, NULL, NULL),
(232, 228, NULL, NULL, NULL),
(232, 230, NULL, NULL, NULL),
(232, 231, NULL, NULL, NULL),
(232, 232, NULL, NULL, NULL),
(233, 226, NULL, NULL, NULL),
(233, 228, NULL, NULL, NULL),
(233, 230, NULL, NULL, NULL),
(233, 231, NULL, NULL, NULL),
(233, 232, NULL, NULL, NULL),
(234, 226, NULL, NULL, NULL),
(234, 228, NULL, NULL, NULL),
(234, 230, NULL, NULL, NULL),
(234, 231, NULL, NULL, NULL),
(234, 232, NULL, NULL, NULL),
(235, 217, '2024-01-08 20:02:13', 'terlambat', 235),
(235, 218, '2024-01-10 20:03:14', 'terlambat', 235),
(235, 226, '2024-01-12 20:00:47', 'terlambat', 235),
(235, 228, NULL, NULL, NULL),
(235, 230, NULL, NULL, NULL),
(235, 231, NULL, NULL, NULL),
(235, 232, NULL, NULL, NULL),
(236, 226, NULL, NULL, NULL),
(236, 228, NULL, NULL, NULL),
(236, 230, NULL, NULL, NULL),
(236, 231, NULL, NULL, NULL),
(236, 232, NULL, NULL, NULL),
(237, 226, NULL, NULL, NULL),
(237, 228, NULL, NULL, NULL),
(237, 230, NULL, NULL, NULL),
(237, 231, NULL, NULL, NULL),
(237, 232, NULL, NULL, NULL),
(238, 226, NULL, NULL, NULL),
(238, 228, NULL, NULL, NULL),
(238, 230, NULL, NULL, NULL),
(238, 231, NULL, NULL, NULL),
(238, 232, NULL, NULL, NULL),
(239, 217, '2024-01-08 19:54:13', 'hadir', 239),
(239, 218, '2024-01-10 21:31:03', 'hadir', 20),
(239, 226, NULL, NULL, NULL),
(239, 228, NULL, NULL, NULL),
(239, 230, NULL, NULL, NULL),
(239, 231, NULL, NULL, NULL),
(239, 232, NULL, NULL, NULL),
(240, 226, NULL, NULL, NULL),
(240, 228, NULL, NULL, NULL),
(240, 230, NULL, NULL, NULL),
(240, 231, NULL, NULL, NULL),
(240, 232, NULL, NULL, NULL),
(241, 226, '2024-01-12 21:53:00', 'hadir', 6),
(241, 228, NULL, NULL, NULL),
(241, 230, NULL, NULL, NULL),
(241, 231, NULL, NULL, NULL),
(241, 232, NULL, NULL, NULL),
(242, 217, '2024-01-08 19:57:05', 'terlambat', 242),
(242, 218, '2024-01-10 19:53:16', 'hadir', 242),
(242, 226, NULL, NULL, NULL),
(242, 228, NULL, NULL, NULL),
(242, 230, NULL, NULL, NULL),
(242, 231, NULL, NULL, NULL),
(242, 232, NULL, NULL, NULL),
(243, 226, NULL, NULL, NULL),
(243, 228, NULL, NULL, NULL),
(243, 230, NULL, NULL, NULL),
(243, 231, NULL, NULL, NULL),
(243, 232, NULL, NULL, NULL),
(244, 226, NULL, NULL, NULL),
(244, 228, NULL, NULL, NULL),
(244, 230, NULL, NULL, NULL),
(244, 231, NULL, NULL, NULL),
(244, 232, NULL, NULL, NULL),
(245, 217, '2024-01-08 19:53:13', 'hadir', 245),
(245, 218, '2024-01-10 19:57:21', 'hadir', 245),
(245, 226, '2024-01-12 19:53:54', 'terlambat', 245),
(245, 228, NULL, NULL, NULL),
(245, 230, NULL, NULL, NULL),
(245, 231, NULL, NULL, NULL),
(245, 232, NULL, NULL, NULL),
(246, 226, NULL, NULL, NULL),
(246, 228, NULL, NULL, NULL),
(246, 230, NULL, NULL, NULL),
(246, 231, NULL, NULL, NULL),
(246, 232, NULL, NULL, NULL),
(247, 226, NULL, NULL, NULL),
(247, 228, NULL, NULL, NULL),
(247, 230, NULL, NULL, NULL),
(247, 231, NULL, NULL, NULL),
(247, 232, NULL, NULL, NULL),
(248, 226, NULL, NULL, NULL),
(248, 228, NULL, NULL, NULL),
(248, 230, NULL, NULL, NULL),
(248, 231, NULL, NULL, NULL),
(248, 232, NULL, NULL, NULL),
(249, 217, '2024-01-08 19:43:53', 'hadir', 249),
(249, 218, '2024-01-10 20:15:32', 'terlambat', 249),
(249, 226, '2024-01-12 19:57:41', 'terlambat', 249),
(249, 228, NULL, NULL, NULL),
(249, 230, NULL, NULL, NULL),
(249, 231, NULL, NULL, NULL),
(249, 232, NULL, NULL, NULL),
(250, 226, NULL, NULL, NULL),
(250, 228, NULL, NULL, NULL),
(250, 230, NULL, NULL, NULL),
(250, 231, NULL, NULL, NULL),
(250, 232, NULL, NULL, NULL),
(251, 226, NULL, NULL, NULL),
(251, 228, NULL, NULL, NULL),
(251, 230, NULL, NULL, NULL),
(251, 231, NULL, NULL, NULL),
(251, 232, NULL, NULL, NULL),
(252, 226, NULL, NULL, NULL),
(252, 228, NULL, NULL, NULL),
(252, 230, NULL, NULL, NULL),
(252, 231, NULL, NULL, NULL),
(252, 232, NULL, NULL, NULL),
(253, 226, NULL, NULL, NULL),
(253, 228, NULL, NULL, NULL),
(253, 230, NULL, NULL, NULL),
(253, 231, NULL, NULL, NULL),
(253, 232, NULL, NULL, NULL),
(254, 226, NULL, NULL, NULL),
(254, 228, NULL, NULL, NULL),
(254, 230, NULL, NULL, NULL),
(254, 231, NULL, NULL, NULL),
(254, 232, NULL, NULL, NULL),
(255, 226, NULL, NULL, NULL),
(255, 228, NULL, NULL, NULL),
(255, 230, NULL, NULL, NULL),
(255, 231, NULL, NULL, NULL),
(255, 232, NULL, NULL, 6),
(256, 217, '2024-01-08 22:47:17', 'izin', 6),
(256, 218, '2024-01-10 21:26:56', 'izin', 20),
(256, 226, NULL, NULL, NULL),
(256, 228, NULL, NULL, NULL),
(256, 230, NULL, NULL, NULL),
(256, 231, NULL, NULL, NULL),
(256, 232, NULL, NULL, NULL),
(257, 226, NULL, NULL, NULL),
(257, 228, NULL, NULL, NULL),
(257, 230, NULL, NULL, NULL),
(257, 231, NULL, NULL, NULL),
(257, 232, NULL, NULL, NULL),
(258, 226, NULL, NULL, NULL),
(258, 228, NULL, NULL, NULL),
(258, 230, NULL, NULL, NULL),
(258, 231, NULL, NULL, NULL),
(258, 232, NULL, NULL, NULL),
(259, 226, NULL, NULL, NULL),
(259, 228, NULL, NULL, NULL),
(259, 230, NULL, NULL, NULL),
(259, 231, NULL, NULL, NULL),
(259, 232, NULL, NULL, NULL),
(260, 226, NULL, NULL, NULL),
(260, 228, NULL, NULL, NULL),
(260, 230, NULL, NULL, NULL),
(260, 231, NULL, NULL, NULL),
(260, 232, NULL, NULL, NULL),
(261, 217, '2024-01-08 19:56:43', 'terlambat', 261),
(261, 218, '2024-01-10 20:02:58', 'terlambat', 261),
(261, 226, '2024-01-12 20:06:25', 'terlambat', 261),
(261, 228, NULL, NULL, NULL),
(261, 230, NULL, NULL, NULL),
(261, 231, NULL, NULL, NULL),
(261, 232, NULL, NULL, NULL),
(262, 226, NULL, NULL, NULL),
(262, 228, NULL, NULL, NULL),
(262, 230, NULL, NULL, NULL),
(262, 231, NULL, NULL, NULL),
(262, 232, NULL, NULL, NULL),
(263, 217, '2024-01-08 20:01:49', 'terlambat', 263),
(263, 218, '2024-01-10 20:03:08', 'terlambat', 263),
(263, 226, '2024-01-12 19:56:29', 'terlambat', 263),
(263, 228, NULL, NULL, NULL),
(263, 230, NULL, NULL, NULL),
(263, 231, NULL, NULL, NULL),
(263, 232, NULL, NULL, NULL),
(264, 226, NULL, NULL, NULL),
(264, 228, NULL, NULL, NULL),
(264, 230, NULL, NULL, NULL),
(264, 231, NULL, NULL, NULL),
(264, 232, NULL, NULL, NULL),
(265, 226, NULL, NULL, NULL),
(265, 228, NULL, NULL, NULL),
(265, 230, NULL, NULL, NULL),
(265, 231, NULL, NULL, NULL),
(265, 232, NULL, NULL, NULL),
(266, 226, NULL, NULL, NULL),
(266, 228, NULL, NULL, NULL),
(266, 230, NULL, NULL, NULL),
(266, 231, NULL, NULL, NULL),
(266, 232, NULL, NULL, NULL),
(267, 226, NULL, NULL, NULL),
(267, 228, NULL, NULL, NULL),
(267, 230, NULL, NULL, NULL),
(267, 231, NULL, NULL, NULL),
(267, 232, NULL, NULL, NULL),
(268, 226, NULL, NULL, NULL),
(268, 228, '2024-01-15 22:37:53', 'hadir', 6),
(268, 230, '2024-01-19 20:01:42', 'hadir', 268),
(268, 231, NULL, NULL, NULL),
(268, 232, NULL, NULL, NULL),
(269, 217, '2024-01-08 19:54:43', 'hadir', 6),
(269, 218, '2024-01-10 21:27:20', 'hadir', 6),
(269, 226, '2024-01-15 22:37:23', 'hadir', 6),
(269, 228, '2024-01-15 22:37:33', 'hadir', 6),
(269, 230, NULL, NULL, NULL),
(269, 231, NULL, NULL, NULL),
(269, 232, NULL, NULL, NULL),
(270, 226, NULL, NULL, NULL),
(270, 228, NULL, NULL, NULL),
(270, 230, NULL, NULL, NULL),
(270, 231, NULL, NULL, NULL),
(270, 232, NULL, NULL, NULL);

-- --------------------------------------------------------

--
-- Table structure for table `classes`
--

CREATE TABLE `classes` (
  `id` int(10) UNSIGNED NOT NULL,
  `name` varchar(128) NOT NULL,
  `start_date` datetime NOT NULL,
  `end_date` datetime DEFAULT NULL,
  `manager_id` int(10) UNSIGNED DEFAULT NULL,
  `teacher_id` int(10) UNSIGNED NOT NULL,
  `type` int(10) UNSIGNED DEFAULT NULL,
  `location` varchar(255) DEFAULT NULL
) ENGINE=InnoDB DEFAULT CHARSET=utf8mb4 COLLATE=utf8mb4_general_ci;

--
-- Dumping data for table `classes`
--

INSERT INTO `classes` (`id`, `name`, `start_date`, `end_date`, `manager_id`, `teacher_id`, `type`, `location`) VALUES
(217, 'Pengajian Kelompok 1', '2024-01-08 19:40:00', '2024-01-08 21:35:00', 142, 5, NULL, 'Masjid'),
(218, 'Pengajian Desa 1', '2024-01-10 19:45:00', '2024-01-10 21:15:00', 142, 5, NULL, 'GSG'),
(226, 'Pengajian Amanatan', '2024-01-12 19:30:00', '2024-01-12 21:45:00', 142, 5, NULL, 'GSG'),
(228, 'Pengajian malam 1', '2024-01-15 19:57:00', '2024-01-15 21:15:00', 142, 5, NULL, 'Aula'),
(230, 'Pengajian Malam 2', '2024-01-19 19:50:00', '2024-01-19 21:15:00', 142, 5, NULL, 'Aula'),
(231, 'Pengajian Malam 3', '2024-01-22 19:50:00', '2024-01-22 21:15:00', 142, 5, NULL, 'Aula'),
(232, 'Sidang', '2024-03-04 14:35:00', '2024-03-04 16:37:00', 142, 5, NULL, 'Sekprodi');

-- --------------------------------------------------------

--
-- Table structure for table `class_types`
--

CREATE TABLE `class_types` (
  `id` int(10) UNSIGNED NOT NULL,
  `name` varchar(128) NOT NULL
) ENGINE=InnoDB DEFAULT CHARSET=utf8mb4 COLLATE=utf8mb4_general_ci;

--
-- Dumping data for table `class_types`
--

INSERT INTO `class_types` (`id`, `name`) VALUES
(1, 'Cepatan'),
(2, 'Lambatan'),
(3, 'Pegon Bacaan');

-- --------------------------------------------------------

--
-- Table structure for table `leave_permits`
--

CREATE TABLE `leave_permits` (
  `user_id` int(10) UNSIGNED NOT NULL,
  `class_id` int(10) UNSIGNED NOT NULL,
  `description` varchar(1024) DEFAULT NULL,
  `img_url` varchar(255) NOT NULL,
  `is_approved` tinyint(4) NOT NULL
) ENGINE=InnoDB DEFAULT CHARSET=utf8mb4 COLLATE=utf8mb4_general_ci;

--
-- Dumping data for table `leave_permits`
--

INSERT INTO `leave_permits` (`user_id`, `class_id`, `description`, `img_url`, `is_approved`) VALUES
(142, 232, 'Sakit', '/public/uploads/img_file-1709539890198-330859318.png', 0);

-- --------------------------------------------------------

--
-- Table structure for table `roles`
--

CREATE TABLE `roles` (
  `id` int(10) UNSIGNED NOT NULL,
  `name` varchar(128) NOT NULL
) ENGINE=InnoDB DEFAULT CHARSET=utf8mb4 COLLATE=utf8mb4_general_ci;

--
-- Dumping data for table `roles`
--

INSERT INTO `roles` (`id`, `name`) VALUES
(1, 'santri'),
(2, 'guru'),
(3, 'admin');

-- --------------------------------------------------------

--
-- Table structure for table `users`
--

CREATE TABLE `users` (
  `id` int(10) UNSIGNED NOT NULL,
  `name` varchar(128) NOT NULL,
  `card_id` varchar(8) DEFAULT NULL,
  `password` varchar(128) NOT NULL,
  `birth_date` date DEFAULT NULL,
  `grade` varchar(24) DEFAULT NULL,
  `telephone_number` varchar(13) DEFAULT NULL,
  `role` int(10) UNSIGNED DEFAULT 1,
  `class_type` int(10) UNSIGNED DEFAULT NULL,
  `gender` tinyint(4) DEFAULT NULL,
  `nis` varchar(24) DEFAULT NULL,
  `is_active` tinyint(4) DEFAULT 0,
  `inactive_reason` varchar(255) DEFAULT NULL,
  `origin` varchar(128) DEFAULT NULL,
  `residence_in_semarang` varchar(128) DEFAULT NULL
) ENGINE=InnoDB DEFAULT CHARSET=utf8mb4 COLLATE=utf8mb4_general_ci;

--
-- Dumping data for table `users`
--

INSERT INTO `users` (`id`, `name`, `card_id`, `password`, `birth_date`, `grade`, `telephone_number`, `role`, `class_type`, `gender`, `nis`, `is_active`, `inactive_reason`, `origin`, `residence_in_semarang`) VALUES
(5, 'testGuru', NULL, '$2b$10$E9kr1lKI6tZUGflT5WaNoe.iuaWNU0K02d1SZpceW9o3LM7sJc6NG', '2001-01-01', NULL, '0856015601923', 2, NULL, 0, NULL, 1, NULL, NULL, 'asd'),
(6, 'testAdmin', NULL, '$2b$10$qa2lQKYJN2f9.U0Zx3.47u0f6oX.S/7tWFaU/lumOxZ/nNyutsOqi', '2001-01-01', NULL, '085601560192', 3, NULL, 0, NULL, 1, NULL, NULL, NULL),
(20, 'admin2', NULL, '$2b$10$qa2lQKYJN2f9.U0Zx3.47u0f6oX.S/7tWFaU/lumOxZ/nNyutsOqi', '2001-01-01', NULL, '0856015601923', 3, NULL, 1, NULL, NULL, NULL, NULL, NULL),
(109, 'ZIDAN AKBAR NUGROHO', '137F16BA', '$2b$10$qa2lQKYJN2f9.U0Zx3.47u0f6oX.S/7tWFaU/lumOxZ/nNyutsOqi', '2000-12-31', '9', 'null', 1, 2, 1, '2300473', 1, NULL, 'SUKOHARJO', 'PPM'),
(113, 'BANUNOVA IBRAHIM', NULL, '$2b$10$qa2lQKYJN2f9.U0Zx3.47u0f6oX.S/7tWFaU/lumOxZ/nNyutsOqi', '2001-01-01', '5', NULL, 1, 1, 1, '190221', 0, NULL, 'CILACAP', 'KOS PEDALANGAN'),
(114, 'ERSA SALSA FEBRIYOLA', NULL, '$2b$10$qa2lQKYJN2f9.U0Zx3.47u0f6oX.S/7tWFaU/lumOxZ/nNyutsOqi', '2001-01-01', '5', NULL, 1, 1, 0, '190229', 0, NULL, 'WONOSOBO', 'KOS PEDALANGAN'),
(115, 'FADHIL ISTAUFAL BANAN', NULL, '$2b$10$qa2lQKYJN2f9.U0Zx3.47u0f6oX.S/7tWFaU/lumOxZ/nNyutsOqi', '2001-01-01', '5', NULL, 1, 1, 1, '190230', 1, NULL, 'KALIMANTAN', 'KOS AG'),
(116, 'FAHAD MURSYID J.', NULL, '$2b$10$qa2lQKYJN2f9.U0Zx3.47u0f6oX.S/7tWFaU/lumOxZ/nNyutsOqi', '2001-01-01', '5', NULL, 1, 1, 1, '190231', 0, NULL, 'JOGJA', 'KOS PEDALANGAN'),
(117, 'FAHMI AMINUDDIN S.', NULL, '$2b$10$qa2lQKYJN2f9.U0Zx3.47u0f6oX.S/7tWFaU/lumOxZ/nNyutsOqi', '2001-01-01', '5', NULL, 1, 1, 1, '190232', 1, NULL, 'BLORA', 'KOS AG'),
(119, 'HIZKIEL PUTRA P.', NULL, '$2b$10$qa2lQKYJN2f9.U0Zx3.47u0f6oX.S/7tWFaU/lumOxZ/nNyutsOqi', '2001-01-01', '5', NULL, 1, 1, 1, '190237', 0, NULL, 'SEMARANG', 'KOS AG'),
(120, 'ISNAINI MASKHANATUL F.', NULL, '$2b$10$qa2lQKYJN2f9.U0Zx3.47u0f6oX.S/7tWFaU/lumOxZ/nNyutsOqi', '2001-01-01', '5', NULL, 1, 1, 0, '190240', 0, NULL, 'BREBES', 'KOS PEDALANGAN'),
(121, 'JULIAN KUSUMA WARDOYO', NULL, '$2b$10$qa2lQKYJN2f9.U0Zx3.47u0f6oX.S/7tWFaU/lumOxZ/nNyutsOqi', '2001-01-01', '5', NULL, 1, 1, 1, '190241', 1, NULL, 'JEPARA', 'KOS AG'),
(122, 'M. ALIF FAUZI', NULL, '$2b$10$qa2lQKYJN2f9.U0Zx3.47u0f6oX.S/7tWFaU/lumOxZ/nNyutsOqi', '2001-01-01', '5', NULL, 1, 1, 1, '190251', 1, NULL, 'KALIMANTAN', 'KOS AG'),
(123, 'M. FAJAR WAHYU R. I.', NULL, '$2b$10$qa2lQKYJN2f9.U0Zx3.47u0f6oX.S/7tWFaU/lumOxZ/nNyutsOqi', '2001-01-01', '5', NULL, 1, 1, 1, '190253', 1, NULL, 'MADIUN', 'KOS AG'),
(124, 'M. ROZAN FAHREZA', NULL, '$2b$10$qa2lQKYJN2f9.U0Zx3.47u0f6oX.S/7tWFaU/lumOxZ/nNyutsOqi', '2001-01-01', '5', NULL, 1, 1, 1, '190249', 1, NULL, 'SOLO', 'KOS AG'),
(125, 'NOVI NUR FAJRI AGUSTINA', NULL, '$2b$10$qa2lQKYJN2f9.U0Zx3.47u0f6oX.S/7tWFaU/lumOxZ/nNyutsOqi', '2001-01-01', '5', NULL, 1, 1, 0, '190261', 0, NULL, 'KENDAL', 'KOS PEDALANGAN'),
(128, 'RARA CHARISTA T. S.', NULL, '$2b$10$qa2lQKYJN2f9.U0Zx3.47u0f6oX.S/7tWFaU/lumOxZ/nNyutsOqi', '2001-01-01', '5', NULL, 1, 1, 0, '190265', 1, NULL, 'BREBES', 'KOS GHP'),
(129, 'SANIA ALFIANITA', NULL, '$2b$10$qa2lQKYJN2f9.U0Zx3.47u0f6oX.S/7tWFaU/lumOxZ/nNyutsOqi', '2001-01-01', '5', NULL, 1, 1, 0, '190270', 1, NULL, 'BOYOLALI', 'KOS CFC'),
(130, 'SAPTA HATMI HERLINA', NULL, '$2b$10$qa2lQKYJN2f9.U0Zx3.47u0f6oX.S/7tWFaU/lumOxZ/nNyutsOqi', '2001-01-01', '5', NULL, 1, 1, 0, '190271', 1, NULL, 'JOGJA', 'KOS PEDALANGAN'),
(131, 'ULYA SABIQ SABILA', NULL, '$2b$10$qa2lQKYJN2f9.U0Zx3.47u0f6oX.S/7tWFaU/lumOxZ/nNyutsOqi', '2001-01-01', '5', NULL, 1, 1, 0, '190275', 1, NULL, 'TANGERANG', 'KOS PEDALANGAN'),
(132, 'DINDA PUTRI NAMIROH', NULL, '$2b$10$qa2lQKYJN2f9.U0Zx3.47u0f6oX.S/7tWFaU/lumOxZ/nNyutsOqi', '2001-01-01', '6', NULL, 1, 2, 0, '200289', 1, NULL, 'UNGARAN', 'KOS CFC'),
(133, 'DIVANDRA JAMBY', '532114BA', '$2b$10$qa2lQKYJN2f9.U0Zx3.47u0f6oX.S/7tWFaU/lumOxZ/nNyutsOqi', '2000-12-31', '6', 'null', 1, 2, 0, '200290', 1, NULL, 'JAMBI', 'KOS PEDALANGAN'),
(134, 'DWI KURNIA ROMADHONI', NULL, '$2b$10$qa2lQKYJN2f9.U0Zx3.47u0f6oX.S/7tWFaU/lumOxZ/nNyutsOqi', '2001-01-01', '6', NULL, 1, 1, 0, '200292', 1, NULL, 'KLATEN', 'KOS PEDALANGAN'),
(135, 'FAISHAL RAZAN YUSUF', NULL, '$2b$10$qa2lQKYJN2f9.U0Zx3.47u0f6oX.S/7tWFaU/lumOxZ/nNyutsOqi', '2001-01-01', '6', NULL, 1, 2, 1, '200294', 1, NULL, 'KALIMANTAN', 'PPM'),
(136, 'FATMA AULIYA MUSDALIFAH', NULL, '$2b$10$qa2lQKYJN2f9.U0Zx3.47u0f6oX.S/7tWFaU/lumOxZ/nNyutsOqi', '2001-01-01', '6', NULL, 1, 2, 0, '200297', 1, NULL, 'TANGERANG', 'KOS CFC'),
(137, 'FEBRINA NUR ANNISA', NULL, '$2b$10$qa2lQKYJN2f9.U0Zx3.47u0f6oX.S/7tWFaU/lumOxZ/nNyutsOqi', '2001-01-01', '6', NULL, 1, 1, 0, '200298', 0, NULL, 'BANYUMAS', 'KOS PEDALANGAN'),
(138, 'HASAN MAULANA IBRAHIM', NULL, '$2b$10$qa2lQKYJN2f9.U0Zx3.47u0f6oX.S/7tWFaU/lumOxZ/nNyutsOqi', '2001-01-01', '6', NULL, 1, 1, 1, '200301', 1, NULL, 'BEKASI', 'PPM'),
(139, 'HESSY RAHMA WATI', NULL, '$2b$10$qa2lQKYJN2f9.U0Zx3.47u0f6oX.S/7tWFaU/lumOxZ/nNyutsOqi', '2001-01-01', '6', NULL, 1, 2, 0, '200302', 1, NULL, 'SEMARANG SELATAN', 'PRIBUMI'),
(140, 'LATHIFARIDA ELKOGAJEVANI', NULL, '$2b$10$qa2lQKYJN2f9.U0Zx3.47u0f6oX.S/7tWFaU/lumOxZ/nNyutsOqi', '2001-01-01', '6', NULL, 1, 1, 0, '200306', 1, NULL, 'KARANGANYAR', 'KOS PEDALANGAN'),
(141, 'MUHAMMAD AZIS HABIBULLOH', NULL, '$2b$10$qa2lQKYJN2f9.U0Zx3.47u0f6oX.S/7tWFaU/lumOxZ/nNyutsOqi', '2001-01-01', '6', NULL, 1, 1, 1, '200309', 1, NULL, 'SUKOHARJO', 'PPM'),
(142, 'MUHAMMAD SULTHON AULIYA', 'D30722BA', '$2b$10$qa2lQKYJN2f9.U0Zx3.47u0f6oX.S/7tWFaU/lumOxZ/nNyutsOqi', '2000-12-31', '6', '089629948693', 1, 1, 1, '200311', 1, NULL, 'TEMANGGUNG', 'PPM'),
(143, 'ROFIQ ZIFA SAIFULLOH', NULL, '$2b$10$qa2lQKYJN2f9.U0Zx3.47u0f6oX.S/7tWFaU/lumOxZ/nNyutsOqi', '2001-01-01', '6', NULL, 1, 1, 1, '200318', 0, NULL, 'KLATEN', 'KOS PEDALANGAN'),
(144, 'SONIA FAJERIN AULIA', NULL, '$2b$10$qa2lQKYJN2f9.U0Zx3.47u0f6oX.S/7tWFaU/lumOxZ/nNyutsOqi', '2001-01-01', '6', NULL, 1, 1, 0, '200321', 1, NULL, 'TUBAN', 'KOS PEDALANGAN'),
(145, 'SORAYA AMALIA HAQUN', NULL, '$2b$10$qa2lQKYJN2f9.U0Zx3.47u0f6oX.S/7tWFaU/lumOxZ/nNyutsOqi', '2001-01-01', '6', NULL, 1, 2, 0, '200322', 1, NULL, 'SEMARANG', 'KOS PEDALANGAN'),
(146, 'TRI NURHIDAYATI', NULL, '$2b$10$qa2lQKYJN2f9.U0Zx3.47u0f6oX.S/7tWFaU/lumOxZ/nNyutsOqi', '2001-01-01', '6', NULL, 1, 1, 0, '200323', 1, NULL, 'LAMPUNG', 'KOS CFC'),
(147, 'ALIF TRIADI', NULL, '$2b$10$qa2lQKYJN2f9.U0Zx3.47u0f6oX.S/7tWFaU/lumOxZ/nNyutsOqi', '2001-01-01', '7', NULL, 1, 2, 1, '2100325', 1, NULL, 'BEKASI', 'PPM'),
(148, 'ALKHURI AURELIA FANANI', '13A912BA', '$2b$10$qa2lQKYJN2f9.U0Zx3.47u0f6oX.S/7tWFaU/lumOxZ/nNyutsOqi', '2000-12-31', '7', 'null', 1, 2, 0, '2100326', 1, NULL, 'REMBANG', 'PPM'),
(149, 'AMMY RHAUDATUL JANNAH', NULL, '$2b$10$qa2lQKYJN2f9.U0Zx3.47u0f6oX.S/7tWFaU/lumOxZ/nNyutsOqi', '2001-01-01', '7', NULL, 1, 2, 0, '2100328', 1, NULL, 'JAKARTA', 'KOS GHP'),
(150, 'ANJANI NISFA RAMADHANA', NULL, '$2b$10$qa2lQKYJN2f9.U0Zx3.47u0f6oX.S/7tWFaU/lumOxZ/nNyutsOqi', '2001-01-01', '7', NULL, 1, 2, 0, '2100329', 1, NULL, 'LAMONGAN', 'KOS GHP'),
(151, 'AYU WULAN SARI', '83AC21BA', '$2b$10$qa2lQKYJN2f9.U0Zx3.47u0f6oX.S/7tWFaU/lumOxZ/nNyutsOqi', '2000-12-31', '7', 'null', 1, 1, 0, '2100331', 1, NULL, 'GROBOGAN', 'PPM'),
(152, 'BARON KAYISTSAR AULIA', '53CD14BA', '$2b$10$qa2lQKYJN2f9.U0Zx3.47u0f6oX.S/7tWFaU/lumOxZ/nNyutsOqi', '2000-12-31', '7', 'null', 1, 2, 1, '2100332', 1, NULL, 'KARAWANG', 'PPM'),
(153, 'BERLIA TRISNA PUTRI', NULL, '$2b$10$qa2lQKYJN2f9.U0Zx3.47u0f6oX.S/7tWFaU/lumOxZ/nNyutsOqi', '2001-01-01', '7', NULL, 1, 2, 0, '2100375', 1, NULL, 'BATANG', 'KOS GHP'),
(154, 'ELMIA SOFA HERAWATI', NULL, '$2b$10$qa2lQKYJN2f9.U0Zx3.47u0f6oX.S/7tWFaU/lumOxZ/nNyutsOqi', '2001-01-01', '7', NULL, 1, 2, 0, '2100336', 1, NULL, 'TUBAN', 'PPM'),
(155, 'FAISAL ISMAIL ASADULLAH', '93C617BA', '$2b$10$qa2lQKYJN2f9.U0Zx3.47u0f6oX.S/7tWFaU/lumOxZ/nNyutsOqi', '2000-12-31', '7', 'null', 1, 1, 1, '2100338', 1, NULL, 'TANGERANG', 'PPM'),
(156, 'FARID ARIA WARDANA', '13AE14BA', '$2b$10$qa2lQKYJN2f9.U0Zx3.47u0f6oX.S/7tWFaU/lumOxZ/nNyutsOqi', '2000-12-31', '7', 'null', 1, 1, 1, '2100339', 1, NULL, 'KENDAL', 'PPM'),
(157, 'FATRA FAIZA MAJID', NULL, '$2b$10$qa2lQKYJN2f9.U0Zx3.47u0f6oX.S/7tWFaU/lumOxZ/nNyutsOqi', '2001-01-01', '7', NULL, 1, 1, 0, '2100340', 1, NULL, 'BEKASI', 'PPM'),
(158, 'IBRAHIM USMAN SANJAYA', NULL, '$2b$10$qa2lQKYJN2f9.U0Zx3.47u0f6oX.S/7tWFaU/lumOxZ/nNyutsOqi', '2001-01-01', '7', NULL, 1, 2, 1, '2100342', 1, NULL, 'CIREBON', 'PPM'),
(159, 'IGA NGESTI SURYANI', 'A31C13BA', '$2b$10$qa2lQKYJN2f9.U0Zx3.47u0f6oX.S/7tWFaU/lumOxZ/nNyutsOqi', '2000-12-31', '7', 'null', 1, 1, 0, '2100343', 1, NULL, 'PEKALONGAN', 'PPM'),
(160, 'KEVIN RICKY ZAKIA YAHYA', '232317BA', '$2b$10$qa2lQKYJN2f9.U0Zx3.47u0f6oX.S/7tWFaU/lumOxZ/nNyutsOqi', '2000-12-31', '7', 'null', 1, 2, 1, '2100373', 1, NULL, 'GROBOGAN', 'PPM'),
(162, 'MAULINA RIZQI AZZAHRA', NULL, '$2b$10$qa2lQKYJN2f9.U0Zx3.47u0f6oX.S/7tWFaU/lumOxZ/nNyutsOqi', '2001-01-01', '7', NULL, 1, 2, 0, '2100347', 1, NULL, 'SEMARANG', 'PRIBUMI'),
(163, 'MOHAMMAD DHANI AKBAR', 'C3541DBA', '$2b$10$qa2lQKYJN2f9.U0Zx3.47u0f6oX.S/7tWFaU/lumOxZ/nNyutsOqi', '2000-12-31', '7', 'null', 1, 2, 1, '2100348', 1, NULL, 'TEGAL', 'PPM'),
(164, 'MUHAMMAD ANDI YOGA FIKANANTA ABDULLOH', '131922BA', '$2b$10$qa2lQKYJN2f9.U0Zx3.47u0f6oX.S/7tWFaU/lumOxZ/nNyutsOqi', '2000-12-31', '7', 'null', 1, 2, 1, '2100349', 1, NULL, 'TANGERANG', 'PPM'),
(165, 'MUHAMMAD MIFTAH AIZAL AZHAR', '839117BA', '$2b$10$qa2lQKYJN2f9.U0Zx3.47u0f6oX.S/7tWFaU/lumOxZ/nNyutsOqi', '2000-12-30', '7', 'null', 1, 1, 1, '2100352', 1, NULL, 'BOYOLALI', 'PPM'),
(166, 'MUHAMMAD RODIFA', NULL, '$2b$10$qa2lQKYJN2f9.U0Zx3.47u0f6oX.S/7tWFaU/lumOxZ/nNyutsOqi', '2001-01-01', '7', NULL, 1, 2, 1, '2100353', 1, NULL, 'PURWOKERTO', 'PPM'),
(167, 'MUHAMMAD WAHYU GUNAWAN', '639717BA', '$2b$10$qa2lQKYJN2f9.U0Zx3.47u0f6oX.S/7tWFaU/lumOxZ/nNyutsOqi', '2000-12-31', '7', 'null', 1, 1, 1, '2100354', 1, NULL, 'LINGGAU', 'PPM'),
(168, 'NAILANNAJA KURNIA SYAFA\'', NULL, '$2b$10$qa2lQKYJN2f9.U0Zx3.47u0f6oX.S/7tWFaU/lumOxZ/nNyutsOqi', '2001-01-01', '7', NULL, 1, 2, 0, '2100355', 1, NULL, 'PEKALONGAN', 'KOS KPA'),
(169, 'NUR HAFIDZ PUTRI LESTARI', '33E811BA', '$2b$10$qa2lQKYJN2f9.U0Zx3.47u0f6oX.S/7tWFaU/lumOxZ/nNyutsOqi', '2000-12-31', '7', 'null', 1, 1, 0, '2100356', 1, NULL, 'BENGKULU', 'PPM'),
(170, 'PUTRI ARUM SALSABILLA', NULL, '$2b$10$qa2lQKYJN2f9.U0Zx3.47u0f6oX.S/7tWFaU/lumOxZ/nNyutsOqi', '2001-01-01', '7', NULL, 1, 2, 0, '2100357', 1, NULL, 'BREBES', 'KOS CFC'),
(171, 'RACHMA NURLAILY AGUSTIN', NULL, '$2b$10$qa2lQKYJN2f9.U0Zx3.47u0f6oX.S/7tWFaU/lumOxZ/nNyutsOqi', '2001-01-01', '7', NULL, 1, 1, 0, '2100358', 1, NULL, 'LAMPUNG', 'PPM'),
(172, 'RISA NURUL OVILYA', NULL, '$2b$10$qa2lQKYJN2f9.U0Zx3.47u0f6oX.S/7tWFaU/lumOxZ/nNyutsOqi', '2001-01-01', '7', NULL, 1, 1, 0, '2100359', 1, NULL, 'BLORA', 'PPM'),
(173, 'SAIF AHMAD HAKIM', 'D33518BA', '$2b$10$qa2lQKYJN2f9.U0Zx3.47u0f6oX.S/7tWFaU/lumOxZ/nNyutsOqi', '2000-12-30', '7', 'null', 1, 1, 1, '2100361', 1, NULL, 'BOYOLALI', 'PPM'),
(174, 'SALSA DELA', NULL, '$2b$10$qa2lQKYJN2f9.U0Zx3.47u0f6oX.S/7tWFaU/lumOxZ/nNyutsOqi', '2001-01-01', '7', NULL, 1, 1, 0, '2100362', 1, NULL, 'SRAGEN', 'PPM'),
(175, 'SEPTRIANI AULIANA', NULL, '$2b$10$qa2lQKYJN2f9.U0Zx3.47u0f6oX.S/7tWFaU/lumOxZ/nNyutsOqi', '2001-01-01', '7', NULL, 1, 2, 0, '2100363', 1, NULL, 'SEMARANG', 'PRIBUMI'),
(176, 'USWATUN KHASANAH', '134914BA', '$2b$10$qa2lQKYJN2f9.U0Zx3.47u0f6oX.S/7tWFaU/lumOxZ/nNyutsOqi', '2000-12-31', '7', 'null', 1, 2, 0, '2100365', 1, NULL, 'JAKARTA', 'PPM'),
(177, 'VALEN GUSMAN ESTRADA', NULL, '$2b$10$qa2lQKYJN2f9.U0Zx3.47u0f6oX.S/7tWFaU/lumOxZ/nNyutsOqi', '2001-01-01', '7', NULL, 1, 1, 0, '2100366', 1, NULL, 'SURABAYA', 'PPM'),
(178, 'VALENCIA DAI FAHRIYYAN', 'E36518BA', '$2b$10$qa2lQKYJN2f9.U0Zx3.47u0f6oX.S/7tWFaU/lumOxZ/nNyutsOqi', '2000-12-30', '7', '089765432123', 1, 1, 1, '2100367', 1, NULL, 'SUKOHARJO', 'PPM'),
(179, 'WILDAN ROSYID', 'B3AC1CBA', '$2b$10$qa2lQKYJN2f9.U0Zx3.47u0f6oX.S/7tWFaU/lumOxZ/nNyutsOqi', '2000-12-31', '7', 'null', 1, 1, 1, '2100369', 1, NULL, 'MAGELANG', 'PPM'),
(180, 'YOUMA NOOR RACHMA', NULL, '$2b$10$qa2lQKYJN2f9.U0Zx3.47u0f6oX.S/7tWFaU/lumOxZ/nNyutsOqi', '2001-01-01', '7', NULL, 1, 1, 0, '2100370', 1, NULL, 'SEMARANG', 'KOS GHP'),
(181, 'ZAZKIA YONI AFRIANTHI', NULL, '$2b$10$qa2lQKYJN2f9.U0Zx3.47u0f6oX.S/7tWFaU/lumOxZ/nNyutsOqi', '2001-01-01', '7', NULL, 1, 2, 0, '2100371', 1, NULL, 'BREBES', 'KOS CFC'),
(182, 'ALFIRA QOIRINNISA', NULL, '$2b$10$qa2lQKYJN2f9.U0Zx3.47u0f6oX.S/7tWFaU/lumOxZ/nNyutsOqi', '2001-01-01', '8', NULL, 1, 2, 0, '2200376', 1, NULL, 'SEMARANG', 'PRIBUMI'),
(183, 'ANI LESTARI', NULL, '$2b$10$qa2lQKYJN2f9.U0Zx3.47u0f6oX.S/7tWFaU/lumOxZ/nNyutsOqi', '2001-01-01', '8', NULL, 1, 1, 0, '2200378', 0, NULL, 'SEMARANG SELATAN', 'PRIBUMI'),
(184, 'ANNISA SALMA AGUSTINA', '53A013BA', '$2b$10$qa2lQKYJN2f9.U0Zx3.47u0f6oX.S/7tWFaU/lumOxZ/nNyutsOqi', '2000-12-31', '8', 'null', 1, 2, 0, '2200379', 1, NULL, 'KLATEN', 'PPM'),
(185, 'ARDI MUHAMMAD ZIDAN', '138516BA', '$2b$10$qa2lQKYJN2f9.U0Zx3.47u0f6oX.S/7tWFaU/lumOxZ/nNyutsOqi', '2000-12-31', '8', 'null', 1, 2, 1, '2200380', 1, NULL, 'SOLO', 'PPM'),
(186, 'AULIA RAHMAWATI', NULL, '$2b$10$qa2lQKYJN2f9.U0Zx3.47u0f6oX.S/7tWFaU/lumOxZ/nNyutsOqi', '2001-01-01', '8', NULL, 1, 2, 0, '2200382', 1, NULL, 'KLATEN', 'PPM'),
(188, 'BERLYANA EKA AZZAHRA', NULL, '$2b$10$qa2lQKYJN2f9.U0Zx3.47u0f6oX.S/7tWFaU/lumOxZ/nNyutsOqi', '2001-01-01', '8', NULL, 1, 2, 0, '2200385', 1, NULL, 'KLATEN', 'PPM'),
(189, 'BRILIAN SYAROFFA AZZAHRA', 'F33B13BA', '$2b$10$qa2lQKYJN2f9.U0Zx3.47u0f6oX.S/7tWFaU/lumOxZ/nNyutsOqi', '2000-12-31', '8', 'null', 1, 2, 0, '2200386', 1, NULL, 'TANGERANG', 'PPM'),
(190, 'CHOIRUNISA SYIFA SABILLA', NULL, '$2b$10$qa2lQKYJN2f9.U0Zx3.47u0f6oX.S/7tWFaU/lumOxZ/nNyutsOqi', '2001-01-01', '8', NULL, 1, 1, 0, '2200387', 1, NULL, 'REMBANG', 'PPM'),
(191, 'DAFFA MAULANA ABDILLAH', NULL, '$2b$10$qa2lQKYJN2f9.U0Zx3.47u0f6oX.S/7tWFaU/lumOxZ/nNyutsOqi', '2001-01-01', '8', NULL, 1, 2, 1, '2200388', 1, NULL, 'BREBES', 'KOS LUAR'),
(192, 'DINA RAHMAWATI AYUNINGTIAS', 'F34113BA', '$2b$10$qa2lQKYJN2f9.U0Zx3.47u0f6oX.S/7tWFaU/lumOxZ/nNyutsOqi', '2000-12-31', '8', 'null', 1, 2, 0, '2200389', 1, NULL, 'SUKOHARJO', 'PPM'),
(193, 'DITTO PURAHMADANIS', '53D314BA', '$2b$10$qa2lQKYJN2f9.U0Zx3.47u0f6oX.S/7tWFaU/lumOxZ/nNyutsOqi', '2000-12-31', '8', 'null', 1, 2, 1, '2200390', 1, NULL, 'PEKALONGAN', 'PPM'),
(194, 'DWIKA HASTIN AL HAFIDH', NULL, '$2b$10$qa2lQKYJN2f9.U0Zx3.47u0f6oX.S/7tWFaU/lumOxZ/nNyutsOqi', '2001-01-01', '8', NULL, 1, 2, 1, '2200391', 1, NULL, 'SUKOHARJO', 'PPM'),
(195, 'ELI WULANDARI', NULL, '$2b$10$qa2lQKYJN2f9.U0Zx3.47u0f6oX.S/7tWFaU/lumOxZ/nNyutsOqi', '2001-01-01', '8', NULL, 1, 2, 0, '2200392', 1, NULL, 'KLATEN', 'PPM'),
(196, 'ERLITA ASTI ALFINA', '135A1BBA', '$2b$10$qa2lQKYJN2f9.U0Zx3.47u0f6oX.S/7tWFaU/lumOxZ/nNyutsOqi', '2000-12-30', '8', 'null', 1, 2, 0, '2200393', 1, NULL, 'REMBANG', 'PPM'),
(197, 'FADLI HASTIN A', 'B3F416BA', '$2b$10$qa2lQKYJN2f9.U0Zx3.47u0f6oX.S/7tWFaU/lumOxZ/nNyutsOqi', '2000-12-31', '8', 'null', 1, 2, 1, '2200394', 1, NULL, 'SUKOHARJO', 'PPM'),
(198, 'FADZLAN AHMAD FAUZI', '63851DBA', '$2b$10$qa2lQKYJN2f9.U0Zx3.47u0f6oX.S/7tWFaU/lumOxZ/nNyutsOqi', '2000-12-31', '8', 'null', 1, 2, 1, '2200395', 1, NULL, 'KLATEN', 'PRIBUMI'),
(199, 'FAKHRI AHMAD KURNIA', '13DE1CBA', '$2b$10$qa2lQKYJN2f9.U0Zx3.47u0f6oX.S/7tWFaU/lumOxZ/nNyutsOqi', '2000-12-31', '8', 'null', 1, 2, 1, '2200396', 1, NULL, 'WONOSOBO', 'PPM'),
(200, 'FESYLIA CAHYARIN AWALINA PUTRI', NULL, '$2b$10$qa2lQKYJN2f9.U0Zx3.47u0f6oX.S/7tWFaU/lumOxZ/nNyutsOqi', '2001-01-01', '8', NULL, 1, 2, 0, '2200398', 1, NULL, 'NGANJUK', 'PPM'),
(201, 'FITRI KHOMSIANA', NULL, '$2b$10$qa2lQKYJN2f9.U0Zx3.47u0f6oX.S/7tWFaU/lumOxZ/nNyutsOqi', '2001-01-01', '8', NULL, 1, 2, 0, '2200399', 1, NULL, 'MAGETAN', 'PPM'),
(202, 'GINA AZKA SALIMA', NULL, '$2b$10$qa2lQKYJN2f9.U0Zx3.47u0f6oX.S/7tWFaU/lumOxZ/nNyutsOqi', '2001-01-01', '8', NULL, 1, 2, 0, '2200400', 1, NULL, 'SUBANG', 'PPM'),
(203, 'HALIZA YOLANDA YUSTANTI', NULL, '$2b$10$qa2lQKYJN2f9.U0Zx3.47u0f6oX.S/7tWFaU/lumOxZ/nNyutsOqi', '2001-01-01', '8', NULL, 1, 2, 0, '2200401', 1, NULL, 'MADIUN', 'PPM'),
(204, 'ILMAN AFLAHA', NULL, '$2b$10$qa2lQKYJN2f9.U0Zx3.47u0f6oX.S/7tWFaU/lumOxZ/nNyutsOqi', '2001-01-01', '8', NULL, 1, 2, 1, '2200403', 1, NULL, 'TAMBUN', 'KOS LUAR'),
(205, 'INDRIANI NURRAHMAH', NULL, '$2b$10$qa2lQKYJN2f9.U0Zx3.47u0f6oX.S/7tWFaU/lumOxZ/nNyutsOqi', '2001-01-01', '8', NULL, 1, 2, 0, '2200404', 1, NULL, 'BREBES', 'PPM'),
(206, 'IRGI RIFKI MAULANA', '735A16BA', '$2b$10$qa2lQKYJN2f9.U0Zx3.47u0f6oX.S/7tWFaU/lumOxZ/nNyutsOqi', '2000-12-31', '8', 'null', 1, 2, 1, '2200433', 1, NULL, 'INDRAMAYU', 'PPM'),
(207, 'JONATAN RAJIF SANTANU', '13601BBA', '$2b$10$qa2lQKYJN2f9.U0Zx3.47u0f6oX.S/7tWFaU/lumOxZ/nNyutsOqi', '2000-12-31', '8', 'null', 1, 2, 1, '2200405', 1, NULL, 'KARANGANYAR', 'PPM'),
(208, 'KARISMA NISA ASSHOLU', '930D1ABA', '$2b$10$qa2lQKYJN2f9.U0Zx3.47u0f6oX.S/7tWFaU/lumOxZ/nNyutsOqi', '2000-12-30', '8', 'null', 1, 2, 0, '2200406', 1, NULL, 'KLATEN', 'PPM'),
(209, 'LABIBA NAGARA SYLVAGAMA', NULL, '$2b$10$qa2lQKYJN2f9.U0Zx3.47u0f6oX.S/7tWFaU/lumOxZ/nNyutsOqi', '2001-01-01', '8', NULL, 1, 2, 1, '2200407', 1, NULL, 'KARANGANYAR', 'PPM'),
(210, 'LULUK FITRIANI', NULL, '$2b$10$qa2lQKYJN2f9.U0Zx3.47u0f6oX.S/7tWFaU/lumOxZ/nNyutsOqi', '2001-01-01', '8', NULL, 1, 2, 0, '2200408', 1, NULL, 'PURWOREJO', 'PPM'),
(211, 'MITA AMELIA', '337D19BA', '$2b$10$qa2lQKYJN2f9.U0Zx3.47u0f6oX.S/7tWFaU/lumOxZ/nNyutsOqi', '2000-12-30', '8', 'null', 1, 2, 0, '2200409', 1, NULL, 'JEPARA', 'PPM'),
(212, 'MUHAMAD FATKHUL YAKARIA', 'D34215BA', '$2b$10$qa2lQKYJN2f9.U0Zx3.47u0f6oX.S/7tWFaU/lumOxZ/nNyutsOqi', '2000-12-31', '8', 'null', 1, 2, 1, '2200411', 1, NULL, 'PATI', 'PPM'),
(213, 'MUSA NUR FADIIL', NULL, '$2b$10$qa2lQKYJN2f9.U0Zx3.47u0f6oX.S/7tWFaU/lumOxZ/nNyutsOqi', '2001-01-01', '8', NULL, 1, 2, 1, '2200413', 1, NULL, 'TEMANGGUNG', 'KOS LUAR'),
(214, 'NADIA SYAHRA OKTAVIANI', '33A312BA', '$2b$10$qa2lQKYJN2f9.U0Zx3.47u0f6oX.S/7tWFaU/lumOxZ/nNyutsOqi', '2000-12-31', '8', 'null', 1, 2, 0, '2200437', 1, NULL, 'SUKABUMI', 'PRIBUMI'),
(215, 'NINDI SEIFINA ANJANI', NULL, '$2b$10$qa2lQKYJN2f9.U0Zx3.47u0f6oX.S/7tWFaU/lumOxZ/nNyutsOqi', '2001-01-01', '8', NULL, 1, 2, 0, '2200414', 1, NULL, 'BOYOLALI', 'PPM'),
(216, 'NINDYA SYIFA LUZUMA', NULL, '$2b$10$qa2lQKYJN2f9.U0Zx3.47u0f6oX.S/7tWFaU/lumOxZ/nNyutsOqi', '2001-01-01', '8', NULL, 1, 2, 0, '2200415', 1, NULL, 'BOYOLALI', 'PPM'),
(217, 'NUR AMANAH', NULL, '$2b$10$qa2lQKYJN2f9.U0Zx3.47u0f6oX.S/7tWFaU/lumOxZ/nNyutsOqi', '2001-01-01', '8', NULL, 1, 2, 0, '2200416', 1, NULL, 'PEKALONGAN', 'PPM'),
(218, 'ORCHIDA DEWINTA PURYAKASARI', '83E81ABA', '$2b$10$qa2lQKYJN2f9.U0Zx3.47u0f6oX.S/7tWFaU/lumOxZ/nNyutsOqi', '2000-12-30', '8', 'null', 1, 2, 0, '2200417', 1, NULL, 'PEKALONGAN', 'PPM'),
(219, 'QURROTU AYUNI IZZATI', '232714BA', '$2b$10$qa2lQKYJN2f9.U0Zx3.47u0f6oX.S/7tWFaU/lumOxZ/nNyutsOqi', '2000-12-30', '8', 'null', 1, 2, 0, '2200418', 1, NULL, 'PATI', 'PPM'),
(220, 'RAENA RAFA SASMITHA PUTRI', NULL, '$2b$10$qa2lQKYJN2f9.U0Zx3.47u0f6oX.S/7tWFaU/lumOxZ/nNyutsOqi', '2001-01-01', '8', NULL, 1, 2, 0, '2200419', 1, NULL, 'PEMALANG', 'PPM'),
(221, 'RAIS HANNAN RIZANTO', '236315BA', '$2b$10$qa2lQKYJN2f9.U0Zx3.47u0f6oX.S/7tWFaU/lumOxZ/nNyutsOqi', '2000-12-31', '8', 'null', 1, 2, 1, '2200420', 1, NULL, 'PATI', 'PPM'),
(222, 'RAMITA HIDAYAH', '13C113BA', '$2b$10$qa2lQKYJN2f9.U0Zx3.47u0f6oX.S/7tWFaU/lumOxZ/nNyutsOqi', '2000-12-31', '8', 'null', 1, 2, 0, '2200421', 1, NULL, 'KULON PROGO', 'PPM'),
(223, 'RENGGA NUR FERDAUS', NULL, '$2b$10$qa2lQKYJN2f9.U0Zx3.47u0f6oX.S/7tWFaU/lumOxZ/nNyutsOqi', '2001-01-01', '8', NULL, 1, 2, 1, '2200422', 1, NULL, 'WONOGIRI', 'PPM'),
(224, 'RIFQA ADIB KHAIRANI', NULL, '$2b$10$qa2lQKYJN2f9.U0Zx3.47u0f6oX.S/7tWFaU/lumOxZ/nNyutsOqi', '2001-01-01', '8', NULL, 1, 2, 0, '2200436', 1, NULL, 'TEMANGGUNG', 'KOS CFC'),
(225, 'RIZMA AGUSTIN', NULL, '$2b$10$qa2lQKYJN2f9.U0Zx3.47u0f6oX.S/7tWFaU/lumOxZ/nNyutsOqi', '2001-01-01', '8', NULL, 1, 2, 0, '2200424', 1, NULL, 'KARANGANYAR', 'PPM'),
(226, 'SALISA NURFADLILLAH', 'A3B61ABA', '$2b$10$qa2lQKYJN2f9.U0Zx3.47u0f6oX.S/7tWFaU/lumOxZ/nNyutsOqi', '2000-12-30', '8', 'null', 1, 2, 0, '2200425', 1, NULL, 'TULUNGAGUNG', 'PPM'),
(227, 'SETYORINI', NULL, '$2b$10$qa2lQKYJN2f9.U0Zx3.47u0f6oX.S/7tWFaU/lumOxZ/nNyutsOqi', '2001-01-01', '8', NULL, 1, 2, 0, '2200427', 1, NULL, 'BOYOLALI', 'PPM'),
(228, 'TAUFIQI ZIDDAN FIARDIN', NULL, '$2b$10$qa2lQKYJN2f9.U0Zx3.47u0f6oX.S/7tWFaU/lumOxZ/nNyutsOqi', '2001-01-01', '8', NULL, 1, 1, 1, '2200428', 0, NULL, 'WONOGIRI', 'PPM'),
(229, 'UNTSA MALIKA F', NULL, '$2b$10$qa2lQKYJN2f9.U0Zx3.47u0f6oX.S/7tWFaU/lumOxZ/nNyutsOqi', '2001-01-01', '8', NULL, 1, 2, 0, '2200429', 1, NULL, 'SEMARANG', 'PRIBUMI'),
(231, 'WIDATI DYAH ARISANTI', NULL, '$2b$10$qa2lQKYJN2f9.U0Zx3.47u0f6oX.S/7tWFaU/lumOxZ/nNyutsOqi', '2001-01-01', '8', NULL, 1, 2, 0, '2200431', 1, NULL, 'PEKAN BARU', 'PPM'),
(232, 'WISNU SATRIO ADJIE', NULL, '$2b$10$qa2lQKYJN2f9.U0Zx3.47u0f6oX.S/7tWFaU/lumOxZ/nNyutsOqi', '2001-01-01', '8', NULL, 1, 2, 1, '2200432', 1, NULL, 'CILEGON', 'PPM'),
(233, 'ZULFA AULIA', NULL, '$2b$10$qa2lQKYJN2f9.U0Zx3.47u0f6oX.S/7tWFaU/lumOxZ/nNyutsOqi', '2001-01-01', '8', NULL, 1, 2, 0, '2200433', 1, NULL, 'KUDUS', 'PPM'),
(234, 'AGUSTIN NANIK ARDIYANINGSIH', NULL, '$2b$10$qa2lQKYJN2f9.U0Zx3.47u0f6oX.S/7tWFaU/lumOxZ/nNyutsOqi', '2001-01-01', '9', NULL, 1, 2, 0, '2300434', 1, NULL, 'SEMARANG SELATAN', 'PPM'),
(235, 'ARTIKA SOFIA NURDIANA', '730C19BA', '$2b$10$qa2lQKYJN2f9.U0Zx3.47u0f6oX.S/7tWFaU/lumOxZ/nNyutsOqi', '2000-12-30', '9', 'null', 1, 2, 0, '2300435', 1, NULL, 'REMBANG', 'PPM'),
(236, 'BAGAS NUR ARDIANTO', NULL, '$2b$10$qa2lQKYJN2f9.U0Zx3.47u0f6oX.S/7tWFaU/lumOxZ/nNyutsOqi', '2001-01-01', '9', NULL, 1, 2, 1, '2300436', 1, NULL, 'PATI', 'PPM'),
(237, 'BINTANG TIMUR', 'B3E615BA', '$2b$10$qa2lQKYJN2f9.U0Zx3.47u0f6oX.S/7tWFaU/lumOxZ/nNyutsOqi', '2000-12-31', '9', 'null', 1, 2, 1, '2300437', 1, NULL, 'KEBUMEN', 'PPM'),
(238, 'CAHYANI ILMAN NAFIAN ANANDITA', NULL, '$2b$10$qa2lQKYJN2f9.U0Zx3.47u0f6oX.S/7tWFaU/lumOxZ/nNyutsOqi', '2001-01-01', '9', NULL, 1, 2, 0, '2300438', 1, NULL, 'BOYOLALI', 'PPM'),
(239, 'DAFA RAIHAN SYABANI', '63C115BA', '$2b$10$qa2lQKYJN2f9.U0Zx3.47u0f6oX.S/7tWFaU/lumOxZ/nNyutsOqi', '2000-12-31', '9', 'null', 1, 2, 1, '2300439', 1, NULL, 'SUKOHARJO', 'PPM'),
(240, 'DAFFA FACHRUL ADINATA', NULL, '$2b$10$qa2lQKYJN2f9.U0Zx3.47u0f6oX.S/7tWFaU/lumOxZ/nNyutsOqi', '2001-01-01', '9', NULL, 1, 2, 1, '2300440', 1, NULL, 'CIREBON', 'PPM'),
(241, 'DIMAS ILHAM CANDRA PURNAMA', '138516BC', '$2b$10$qa2lQKYJN2f9.U0Zx3.47u0f6oX.S/7tWFaU/lumOxZ/nNyutsOqi', '2000-12-30', '9', 'null', 1, 3, 1, '2300441', 1, NULL, 'PURWOREJO', 'PPM'),
(242, 'EISYAH EKO ASTUTI NUGROHO', '33451ABA', '$2b$10$qa2lQKYJN2f9.U0Zx3.47u0f6oX.S/7tWFaU/lumOxZ/nNyutsOqi', '2000-12-30', '9', 'null', 1, 2, 0, '2300442', 1, NULL, 'SUKOHARJO', 'PPM'),
(243, 'FAHRIL FIRDAUS', NULL, '$2b$10$qa2lQKYJN2f9.U0Zx3.47u0f6oX.S/7tWFaU/lumOxZ/nNyutsOqi', '2001-01-01', '9', NULL, 1, 2, 1, '2300443', 1, NULL, 'CIAMIS', 'PPM'),
(244, 'FAJ\'RI KOMSIYAH', NULL, '$2b$10$qa2lQKYJN2f9.U0Zx3.47u0f6oX.S/7tWFaU/lumOxZ/nNyutsOqi', '2001-01-01', '9', NULL, 1, 2, 0, '2300444', 1, NULL, 'KLATEN', 'PPM'),
(245, 'FAZA NUR RAHMA AULIYA', '13AD19BA', '$2b$10$qa2lQKYJN2f9.U0Zx3.47u0f6oX.S/7tWFaU/lumOxZ/nNyutsOqi', '2000-12-30', '9', 'null', 1, 2, 0, '2300445', 1, NULL, 'KARAWANG', 'PPM'),
(246, 'FIRLI WAHYU FADLILAH', NULL, '$2b$10$qa2lQKYJN2f9.U0Zx3.47u0f6oX.S/7tWFaU/lumOxZ/nNyutsOqi', '2001-01-01', '9', NULL, 1, 2, 0, '2300446', 1, NULL, 'TEMANGGUNG', 'KOS CFC'),
(247, 'GHILMAN FAWWAS SAHLAN', NULL, '$2b$10$qa2lQKYJN2f9.U0Zx3.47u0f6oX.S/7tWFaU/lumOxZ/nNyutsOqi', '2001-01-01', '9', NULL, 1, 1, 1, '2300447', 0, NULL, 'KARAWANG', 'PPM'),
(248, 'HANIFA GILDA NARESWARI', NULL, '$2b$10$qa2lQKYJN2f9.U0Zx3.47u0f6oX.S/7tWFaU/lumOxZ/nNyutsOqi', '2001-01-01', '9', NULL, 1, 3, 0, '2300448', 1, NULL, 'SEMARANG', 'PPM'),
(249, 'HIDVICAESAR AYANGFAANA HAFIDZ', '03C615BA', '$2b$10$qa2lQKYJN2f9.U0Zx3.47u0f6oX.S/7tWFaU/lumOxZ/nNyutsOqi', '2000-12-31', '9', 'null', 1, 2, 1, '2300450', 1, NULL, 'TANGERANG', 'PPM'),
(250, 'IBRAHIM WIDIAN SUMARNO', NULL, '$2b$10$qa2lQKYJN2f9.U0Zx3.47u0f6oX.S/7tWFaU/lumOxZ/nNyutsOqi', '2001-01-01', '9', NULL, 1, 1, 1, '2300451', 0, NULL, 'SEMARANG', 'PPM'),
(251, 'ISMI AULIA SAFRINA', NULL, '$2b$10$qa2lQKYJN2f9.U0Zx3.47u0f6oX.S/7tWFaU/lumOxZ/nNyutsOqi', '2001-01-01', '9', NULL, 1, 2, 0, '2300452', 1, NULL, 'KLATEN', 'PPM'),
(252, 'LATIZIA MUTIARA SANI', NULL, '$2b$10$qa2lQKYJN2f9.U0Zx3.47u0f6oX.S/7tWFaU/lumOxZ/nNyutsOqi', '2001-01-01', '9', NULL, 1, 3, 0, '2300453', 1, NULL, 'SRAGEN', 'PPM'),
(253, 'MAYDA RISKY AMADEA', NULL, '$2b$10$qa2lQKYJN2f9.U0Zx3.47u0f6oX.S/7tWFaU/lumOxZ/nNyutsOqi', '2001-01-01', '9', NULL, 1, 2, 1, '2300455', 1, NULL, 'SEMARANG', 'PPM'),
(254, 'MUHAMMAD AKMAL ALKHOIRI', NULL, '$2b$10$qa2lQKYJN2f9.U0Zx3.47u0f6oX.S/7tWFaU/lumOxZ/nNyutsOqi', '2001-01-01', '9', NULL, 1, 3, 1, '2300456', 1, NULL, 'SEMARANG', 'PPM'),
(255, 'MUHAMMAD FADLY EVANTO NUGROHO', 'C34E1DBA', '$2b$10$qa2lQKYJN2f9.U0Zx3.47u0f6oX.S/7tWFaU/lumOxZ/nNyutsOqi', '2000-12-30', '9', 'null', 1, 2, 1, '2300457', 1, NULL, 'BEKASI', 'PPM'),
(256, 'MOHAMAD IVAN YUSRON AL UBAIDAH', 'E3DB18BA', '$2b$10$qa2lQKYJN2f9.U0Zx3.47u0f6oX.S/7tWFaU/lumOxZ/nNyutsOqi', '2000-12-30', '9', 'null', 1, 2, 1, '2300458', 1, NULL, 'BEKASI', 'PPM'),
(257, 'MUHAMMAD KEANE FARREL ABBAS', NULL, '$2b$10$qa2lQKYJN2f9.U0Zx3.47u0f6oX.S/7tWFaU/lumOxZ/nNyutsOqi', '2001-01-01', '9', NULL, 1, 2, 1, '2300459', 1, NULL, 'TEGAL', 'PPM'),
(258, 'MUHAMMAD NAUFAL', NULL, '$2b$10$qa2lQKYJN2f9.U0Zx3.47u0f6oX.S/7tWFaU/lumOxZ/nNyutsOqi', '2001-01-01', '9', NULL, 1, 2, 1, '2300460', 1, NULL, 'SEMARANG', 'PPM'),
(259, 'MUHAMMAD YUDHA ANUGERAH', NULL, '$2b$10$qa2lQKYJN2f9.U0Zx3.47u0f6oX.S/7tWFaU/lumOxZ/nNyutsOqi', '2001-01-01', '9', NULL, 1, 2, 1, '2300461', 1, NULL, 'BENGKULU', 'PPM'),
(260, 'NAYLA ANDINI KISSISINA', NULL, '$2b$10$qa2lQKYJN2f9.U0Zx3.47u0f6oX.S/7tWFaU/lumOxZ/nNyutsOqi', '2001-01-01', '9', NULL, 1, 2, 0, '2300462', 1, NULL, 'TANGERANG', 'PPM'),
(261, 'NIGRITA PRAMESTI', '333F1ABA', '$2b$10$qa2lQKYJN2f9.U0Zx3.47u0f6oX.S/7tWFaU/lumOxZ/nNyutsOqi', '2000-12-30', '9', 'null', 1, 2, 0, '2300463', 1, NULL, 'REMBANG', 'PPM'),
(262, 'NOVANZA EDGAR WIBOWO', 'D36B18BA', '$2b$10$qa2lQKYJN2f9.U0Zx3.47u0f6oX.S/7tWFaU/lumOxZ/nNyutsOqi', '2000-12-31', '9', 'null', 1, 2, 1, '2300464', 1, NULL, 'BOYOLALI', 'PPM'),
(263, 'NUR AZZA ANJAR KUSUMA', '338319BA', '$2b$10$qa2lQKYJN2f9.U0Zx3.47u0f6oX.S/7tWFaU/lumOxZ/nNyutsOqi', '2000-12-30', '9', 'null', 1, 1, 0, '2300465', 1, NULL, 'KENDAL', 'PPM'),
(264, 'NUUDIYA DINA PRAMONO', NULL, '$2b$10$qa2lQKYJN2f9.U0Zx3.47u0f6oX.S/7tWFaU/lumOxZ/nNyutsOqi', '2001-01-01', '9', NULL, 1, 2, 0, '2300466', 1, NULL, 'DEMAK', 'PPM'),
(265, 'OCTIAN TRESSA ANDINI', NULL, '$2b$10$qa2lQKYJN2f9.U0Zx3.47u0f6oX.S/7tWFaU/lumOxZ/nNyutsOqi', '2001-01-01', '9', NULL, 1, 2, 0, '2300467', 1, NULL, 'SEMARANG', 'PPM'),
(266, 'RIDWAN BAIHAQI ARDANA', NULL, '$2b$10$qa2lQKYJN2f9.U0Zx3.47u0f6oX.S/7tWFaU/lumOxZ/nNyutsOqi', '2001-01-01', '9', NULL, 1, 2, 1, '2300468', 1, NULL, 'KARANGANYAR', 'PPM'),
(267, 'RIESKA FEBRIANTI AMANDA PUTRI', NULL, '$2b$10$qa2lQKYJN2f9.U0Zx3.47u0f6oX.S/7tWFaU/lumOxZ/nNyutsOqi', '2001-01-01', '9', NULL, 1, 2, 0, '2300469', 1, NULL, 'JAKARTA', 'PPM'),
(268, 'ROMI ERLIANA MAUFIROH', 'B34712BA', '$2b$10$qa2lQKYJN2f9.U0Zx3.47u0f6oX.S/7tWFaU/lumOxZ/nNyutsOqi', '2000-12-31', '9', 'null', 1, 2, 0, '2300470', 1, NULL, 'SRAGEN', 'PPM'),
(269, 'SELLA ISNAINI', '533A12BA', '$2b$10$qa2lQKYJN2f9.U0Zx3.47u0f6oX.S/7tWFaU/lumOxZ/nNyutsOqi', '2000-12-31', '9', 'null', 1, 3, 0, '2300471', 1, NULL, 'KEBUMEN', 'PPM'),
(270, 'YUDHA NURFAZA', NULL, '$2b$10$qa2lQKYJN2f9.U0Zx3.47u0f6oX.S/7tWFaU/lumOxZ/nNyutsOqi', '2001-01-01', '9', NULL, 1, 2, 1, '2300472', 1, NULL, 'SEMARANG', 'PPM');

--
-- Indexes for dumped tables
--

--
-- Indexes for table `attendances`
--
ALTER TABLE `attendances`
  ADD PRIMARY KEY (`user_id`,`class_id`),
  ADD KEY `fk_attendance_class` (`class_id`),
  ADD KEY `attendances_FK` (`lastEditBy`);

--
-- Indexes for table `classes`
--
ALTER TABLE `classes`
  ADD PRIMARY KEY (`id`),
  ADD KEY `fk_teacher` (`teacher_id`),
  ADD KEY `classes_FK` (`type`),
  ADD KEY `year` (`start_date`),
  ADD KEY `week` (`start_date`),
  ADD KEY `hour` (`start_date`),
  ADD KEY `idx_start_date` (`start_date`),
  ADD KEY `fk_manager` (`manager_id`);

--
-- Indexes for table `class_types`
--
ALTER TABLE `class_types`
  ADD PRIMARY KEY (`id`);

--
-- Indexes for table `leave_permits`
--
ALTER TABLE `leave_permits`
  ADD PRIMARY KEY (`user_id`,`class_id`),
  ADD KEY `idx_leave_permits` (`user_id`),
  ADD KEY `idx_leave_permits_class` (`class_id`);

--
-- Indexes for table `roles`
--
ALTER TABLE `roles`
  ADD PRIMARY KEY (`id`);

--
-- Indexes for table `users`
--
ALTER TABLE `users`
  ADD PRIMARY KEY (`id`),
  ADD UNIQUE KEY `name` (`name`),
  ADD UNIQUE KEY `card_id` (`card_id`),
  ADD KEY `id` (`id`),
  ADD KEY `users_FK` (`class_type`),
  ADD KEY `users_FK_1` (`role`);

--
-- AUTO_INCREMENT for dumped tables
--

--
-- AUTO_INCREMENT for table `classes`
--
ALTER TABLE `classes`
  MODIFY `id` int(10) UNSIGNED NOT NULL AUTO_INCREMENT, AUTO_INCREMENT=233;

--
-- AUTO_INCREMENT for table `class_types`
--
ALTER TABLE `class_types`
  MODIFY `id` int(10) UNSIGNED NOT NULL AUTO_INCREMENT, AUTO_INCREMENT=6;

--
-- AUTO_INCREMENT for table `roles`
--
ALTER TABLE `roles`
  MODIFY `id` int(10) UNSIGNED NOT NULL AUTO_INCREMENT, AUTO_INCREMENT=4;

--
-- AUTO_INCREMENT for table `users`
--
ALTER TABLE `users`
  MODIFY `id` int(10) UNSIGNED NOT NULL AUTO_INCREMENT, AUTO_INCREMENT=273;

--
-- Constraints for dumped tables
--

--
-- Constraints for table `attendances`
--
ALTER TABLE `attendances`
  ADD CONSTRAINT `attendances_FK` FOREIGN KEY (`lastEditBy`) REFERENCES `users` (`id`) ON DELETE SET NULL ON UPDATE CASCADE,
  ADD CONSTRAINT `fk_attendance_class` FOREIGN KEY (`class_id`) REFERENCES `classes` (`id`) ON DELETE CASCADE ON UPDATE CASCADE,
  ADD CONSTRAINT `fk_attendance_user` FOREIGN KEY (`user_id`) REFERENCES `users` (`id`) ON DELETE CASCADE ON UPDATE CASCADE;

--
-- Constraints for table `classes`
--
ALTER TABLE `classes`
  ADD CONSTRAINT `fk_manager` FOREIGN KEY (`manager_id`) REFERENCES `users` (`id`) ON DELETE SET NULL ON UPDATE CASCADE;

--
-- Constraints for table `leave_permits`
--
ALTER TABLE `leave_permits`
  ADD CONSTRAINT `fk_leave_class` FOREIGN KEY (`class_id`) REFERENCES `classes` (`id`),
  ADD CONSTRAINT `fk_leave_user` FOREIGN KEY (`user_id`) REFERENCES `users` (`id`) ON DELETE CASCADE ON UPDATE CASCADE;

--
-- Constraints for table `users`
--
ALTER TABLE `users`
  ADD CONSTRAINT `users_FK` FOREIGN KEY (`class_type`) REFERENCES `class_types` (`id`) ON DELETE SET NULL ON UPDATE CASCADE,
  ADD CONSTRAINT `users_FK_1` FOREIGN KEY (`role`) REFERENCES `roles` (`id`) ON DELETE SET NULL ON UPDATE CASCADE;
COMMIT;

/*!40101 SET CHARACTER_SET_CLIENT=@OLD_CHARACTER_SET_CLIENT */;
/*!40101 SET CHARACTER_SET_RESULTS=@OLD_CHARACTER_SET_RESULTS */;
/*!40101 SET COLLATION_CONNECTION=@OLD_COLLATION_CONNECTION */;
